clé	fr servi	en servi	en proposé	état	raison
building.type.lab	Labo	Lab	Lab	inchangé	déjà juste
building.type.specialized_lab	Labo spécialisé	Specialist lab	Specialist lab	inchangé	« specialized » est l’adjectif d’une fiche technique ; « specialist lab » est l’anglais courant — aucun usage servi ailleurs
building.type.stash	Réserve	Stash	Stash	inchangé	déjà juste
building.type.front_shop	Commerce-écran	Front	Front	inchangé	le mot du métier (« a front ») ; l’EN servi l’emploie déjà : `revue.phrase.j_ai_rapproche_les_comptes_de_la_facade` « the front’s books », « the front is pinned »
building.type.cash_safehouse	Planque	Safehouse	Safehouse	inchangé	le mot de ① avant D12 ; l’EN servi l’emploie déjà pour la planque : `filiere.bloc.obtenir_une_planque` « Get a safehouse », `famille.ecran.batiment_cible_destination_planque`
building.type.dealer_spot_front	Coin de vente	Corner	Corner	inchangé	le coin de vente EST un corner (fr « coin ») ; l’EN servi l’emploie déjà : `revue.phrase.j_ai_fait_tourner_le_coin_de_vente` « the sales corner »
building.type.refinery	Raffinerie	Refinery	Refinery	inchangé	déjà juste
building.type.grow_house	Serre	Grow house	Grow house	inchangé	déjà juste (le mot du métier)
building.type.distribution_hub	Relais	Hub	Hub	inchangé	le mot de ① avant D12 ; l’EN servi l’emploie déjà : `building.row.taille_du_relais` « Hub size », `building.hub_tier.none` « No hub »
building.type.money_holding	Banque	Vault	Vault	inchangé	déjà juste, et cohérent : `building.row.taille_de_la_banque` « Vault size », « No vault » ×3 ; « Bank » heurterait « North bank » / « South bank » (`carte.bloc.rive_*`)
building.type.press_house	Imprimerie	Print shop	Print shop	inchangé	déjà juste (« Press » = les journaux, comme « presse »)
building.type.office	Agence	Agency	Agency	inchangé	déjà juste
demolition.ecran.un_labo	Un labo	A lab	A lab	inchangé	dérivé de `building.type.lab` (article indéfini, Démolition)
distribution.bloc.le_labo	le labo	the lab	the lab	inchangé	dérivé de `building.type.lab` (article défini, Distribution)
demolition.ecran.un_labo_specialise	Un labo spécialisé	A specialist lab	A specialist lab	inchangé	dérivé de `building.type.specialized_lab` (article indéfini, Démolition)
distribution.bloc.le_labo_specialise	le labo spécialisé	the specialist lab	the specialist lab	inchangé	dérivé de `building.type.specialized_lab` (article défini, Distribution)
demolition.ecran.une_reserve	Une réserve	A stash	A stash	inchangé	dérivé de `building.type.stash` (article indéfini, Démolition)
distribution.bloc.la_reserve	la réserve	the stash	the stash	inchangé	dérivé de `building.type.stash` (article défini, Distribution)
demolition.ecran.un_commerce_ecran	Un commerce-écran	A front	A front	inchangé	dérivé de `building.type.front_shop` (article indéfini, Démolition)
distribution.bloc.le_commerce_ecran	le commerce-écran	the front	the front	inchangé	dérivé de `building.type.front_shop` (article défini, Distribution)
demolition.ecran.une_planque	Une planque	A safehouse	A safehouse	inchangé	dérivé de `building.type.cash_safehouse` (article indéfini, Démolition)
distribution.bloc.la_planque	la planque	the safehouse	the safehouse	inchangé	dérivé de `building.type.cash_safehouse` (article défini, Distribution)
demolition.ecran.un_coin_de_vente	Un coin de vente	A corner	A corner	inchangé	dérivé de `building.type.dealer_spot_front` (article indéfini, Démolition)
distribution.bloc.le_coin_de_vente	le coin de vente	the corner	the corner	inchangé	dérivé de `building.type.dealer_spot_front` (article défini, Distribution)
demolition.ecran.une_raffinerie	Une raffinerie	A refinery	A refinery	inchangé	dérivé de `building.type.refinery` (article indéfini, Démolition)
distribution.bloc.la_raffinerie	la raffinerie	the refinery	the refinery	inchangé	dérivé de `building.type.refinery` (article défini, Distribution)
demolition.ecran.une_serre	Une serre	A grow house	A grow house	inchangé	dérivé de `building.type.grow_house` (article indéfini, Démolition)
distribution.bloc.la_serre	la serre	the grow house	the grow house	inchangé	dérivé de `building.type.grow_house` (article défini, Distribution)
demolition.ecran.un_relais	Un relais	A hub	A hub	inchangé	dérivé de `building.type.distribution_hub` (article indéfini, Démolition)
distribution.bloc.le_relais	le relais	the hub	the hub	inchangé	dérivé de `building.type.distribution_hub` (article défini, Distribution)
demolition.ecran.une_banque	Une banque	A vault	A vault	inchangé	dérivé de `building.type.money_holding` (article indéfini, Démolition)
distribution.bloc.la_banque	la banque	the vault	the vault	inchangé	dérivé de `building.type.money_holding` (article défini, Distribution)
demolition.ecran.une_imprimerie	Une imprimerie	A print shop	A print shop	inchangé	dérivé de `building.type.press_house` (article indéfini, Démolition)
distribution.bloc.l_imprimerie	l’imprimerie	the print shop	the print shop	inchangé	dérivé de `building.type.press_house` (article défini, Distribution)
demolition.ecran.une_agence	Une agence	An agency	An agency	inchangé	dérivé de `building.type.office` (article indéfini, Démolition)
distribution.bloc.l_agence	l’agence	the agency	the agency	inchangé	dérivé de `building.type.office` (article défini, Distribution)
