mot	cadres	classe	clé	fr	en	note
5 ordres sur 8	85,86	servie	carnet.bloc.ordres_sur_8	{n} ORDRES SUR 8	{n} ORDERS OUT OF 8	composé : le compte de `slots[]` + la clé servie
Lancer une cuisson	85,86,87	note				DETTE DE MAQUETTE (point 19) : pas un `slot_type` vivant (4 : tournée · entretien · recrutement · ardoise ; `slot-type.catalogue.ts:16-21`)
à Atelier Vesk (Hautes-Marches)	85,86,87	proposée	carnet.bloc.a_batiment_quartier	à {batiment} ({quartier})	at {batiment} ({quartier})	la cible `target_ref` d’un ordre ; clé NOMMÉE (message à paramètres)
Commander du pyralin	85,86,87	note				DETTE DE MAQUETTE (point 19) : pas un `slot_type` vivant (4 : tournée · entretien · recrutement · ardoise ; `slot-type.catalogue.ts:16-21`)
Envoyer un coursier	85,86,87	proposée	carnet.ordre.distribution_run	Envoyer un coursier	Send a courier	`slot_type` = DISTRIBUTION_RUN (ratifié)
vers Clés-Minute Rook (Le Treillis)	85,86,87	proposée	carnet.bloc.vers_batiment_quartier	vers {batiment} ({quartier})	to {batiment} ({quartier})	la destination d’une tournée ; clé NOMMÉE (message à paramètres)
Passer voir Lt. Hara	85,86,87	note				DETTE DE MAQUETTE (point 19) : pas un `slot_type` vivant (4 : tournée · entretien · recrutement · ardoise ; `slot-type.catalogue.ts:16-21`)
la tournée du soir	85,86,87	note				DETTE DE MAQUETTE (point 19) : pas un `slot_type` vivant (4 : tournée · entretien · recrutement · ardoise ; `slot-type.catalogue.ts:16-21`) (sous-titre)
Régler l’ardoise	85,86	proposée	carnet.ordre.exception_batch_resolution	Régler l’ardoise	Settle the slate	= EXCEPTION_BATCH_RESOLUTION (ratifié ; « l’ardoise » = la file des exceptions, ⑨)
du bar de Verge	85,86	note				nom d’EXEMPLE : la cible d’un ordre est `target_ref` → son nom servi (enseigne `game.fiction.building.name`, quartier) — cf. `carnet.bloc.a_batiment_quartier`
« Cinq ordres. On peut en mettre trois de plus, ou partir comme ça. »	85	proposée	carnet.bloc.n_ordres_on_peut_en_mettre_reste_de_plus_ou_partir_comme_ca	« {n, plural, one {Un ordre} other {# ordres}}. On peut en mettre {reste} de plus, ou partir comme ça. »	“{n, plural, one {One order} other {# orders}}. We can add {reste} more, or go as is.”	D15 : les nombres viennent de `slots[]` (max 8) ; clé NOMMÉE (message à paramètres)
LANCER LA SOIRÉE	85,86	proposée	carnet.bloc.lancer_la_soiree	Lancer la soirée	Start the evening	geste À ROUTE (`POST /v1/cue-stack/commit`)
une fois partie, on ne la reprend pas	85	proposée	carnet.bloc.une_fois_partie_on_ne_la_reprend_pas	une fois partie, on ne la reprend pas	once it’s gone, there’s no taking it back	aucune route d’annulation après le commit
Deux ordres s’attendent l’un l’autre	86	proposée	carnet.bloc.deux_ordres_s_attendent_l_un_l_autre	Deux ordres s’attendent l’un l’autre	Two orders are waiting on each other	`dependency_conflict_bucket` = BLOCKING (86)
Aucun des deux ne peut partir en premier.	86	proposée	carnet.bloc.aucun_des_deux_ne_peut_partir_en_premier	Aucun des deux ne peut partir en premier.	Neither can go first.	
Le 2 attend le 4, et le 4 attend le 2.	86	proposée	carnet.bloc.l_ordre_a_attend_le_b_et_le_b_attend_le_a	Le {a} attend le {b}, et le {b} attend le {a}.	{a} waits for {b}, and {b} waits for {a}.	D15 : les numéros sont les `drag_order` servis ; clé NOMMÉE (message à paramètres)
Il faut en détacher un des deux, sinon la soirée ne démarre pas.	86	proposée	carnet.bloc.il_faut_en_detacher_un_des_deux_sinon_la_soiree_ne_demarre_pas	Il faut en détacher un des deux, sinon la soirée ne démarre pas.	You have to unhook one of them, or the evening won’t start.	
« Ça ne peut pas marcher. Chacun attend l’autre. »	86	proposée	carnet.bloc.ca_ne_peut_pas_marcher_chacun_attend_l_autre	« Ça ne peut pas marcher. Chacun attend l’autre. »	“It can’t work. Each one’s waiting on the other.”	
deux ordres se bloquent	86	proposée	carnet.bloc.deux_ordres_se_bloquent	deux ordres se bloquent	two orders block each other	
Un endroit n’a pas fini de se poser	87	proposée	carnet.bloc.un_endroit_n_a_pas_fini_de_se_poser	Un endroit n’a pas fini de se poser	A place hasn’t settled yet	`settling_compound_required` (87)
Ce qu’on y a changé n’a pas encore pris.	87	proposée	carnet.bloc.ce_qu_on_y_a_change_n_a_pas_encore_pris	Ce qu’on y a changé n’a pas encore pris.	What we changed there hasn’t taken yet.	
4 ordres sur 8	87	servie	carnet.bloc.ordres_sur_8			même clé
On y a changé quelque chose et ça n’a pas encore pris. Soit on attend, soit on le dit explicitement et on assume.	87	proposée	carnet.bloc.on_y_a_change_quelque_chose_et_ca_n_a_pas_encore_pris_soit_on_attend_soit_on_le_dit_explicitement_et_on_assume	On y a changé quelque chose et ça n’a pas encore pris. Soit on attend, soit on le dit explicitement et on assume.	We changed something there and it hasn’t taken yet. Either we wait, or we say so plainly and own it.	
« On peut y aller quand même, mais dites-le-moi clairement. »	87	proposée	carnet.bloc.on_peut_y_aller_quand_meme_mais_dites_le_moi_clairement	« On peut y aller quand même, mais dites-le-moi clairement. »	“We can go anyway, but tell me plainly.”	
Y ALLER QUAND MÊME	87	proposée	carnet.bloc.y_aller_quand_meme	Y aller quand même	Go anyway	geste À ROUTE : `POST /v1/cue-stack/commit {acknowledge_compounding: true}`
j’assume le site qui bouge encore	87	proposée	carnet.bloc.j_assume_le_site_qui_bouge_encore	j’assume le site qui bouge encore	I take on the site that’s still moving	
Une suite d’ordres qu’on a mise de côté et qu’on relance d’un geste.	88,89	servie	carnet.bloc.une_suite_d_ordres_qu_on_met_de_cote_et_qu_on_relance_d_un_geste_cette_facon_de_faire_s_ouvre_plus_tard_il_faut_d_abord_monter_d_un_palier			même sens, servi plus long (avec « cette façon de faire s’ouvre plus tard… »)
Vos soirées mises de côté	88,89	proposée	carnet.bloc.vos_soirees_mises_de_cote	Vos soirées mises de côté	Your saved evenings	la liste `named-sequences` (403 au palier 1)
La tournée courte	88,89	note				soirée mise de côté : la liste rend 403 `NAMED_SEQUENCE_UNLOCK_REQUIRED` au palier 1 — nom / contenu d’EXEMPLE
4 ordres · cuisson, appro, deux passages	88,89	note				soirée mise de côté : la liste rend 403 `NAMED_SEQUENCE_UNLOCK_REQUIRED` au palier 1 — nom / contenu d’EXEMPLE
REJOUER	88,89	proposée	carnet.bloc.rejouer	Rejouer	Replay	⚠️ la route de rejeu n’est pas vérifiée ici (seule la lecture, 403, l’est)
Le grand soir	88,89	note				soirée mise de côté : la liste rend 403 `NAMED_SEQUENCE_UNLOCK_REQUIRED` au palier 1 — nom / contenu d’EXEMPLE
8 ordres · tout le circuit	88,89	note				soirée mise de côté : la liste rend 403 `NAMED_SEQUENCE_UNLOCK_REQUIRED` au palier 1 — nom / contenu d’EXEMPLE
Vous ne pouvez pas encore mettre une soirée de côté.	88	proposée	carnet.bloc.vous_ne_pouvez_pas_encore_mettre_une_soiree_de_cote	Vous ne pouvez pas encore mettre une soirée de côté.	You can’t save an evening yet.	le 403 `NAMED_SEQUENCE_UNLOCK_REQUIRED`
Pour l’instant, chaque soirée se compose à la main.	88	proposée	carnet.bloc.pour_l_instant_chaque_soiree_se_compose_a_la_main	Pour l’instant, chaque soirée se compose à la main.	For now, every evening is put together by hand.	
METTRE CETTE SOIRÉE DE CÔTÉ	88	note				geste : route d’enregistrement non vérifiée, et fermé au palier 1 — éteint (« pas encore possible »)
pas encore possible	88	proposée	carnet.bloc.pas_encore_possible	pas encore possible	not possible yet	
« La tournée courte, je la connais par cœur. Dites juste le mot. »	89	note				soirée mise de côté : la liste rend 403 `NAMED_SEQUENCE_UNLOCK_REQUIRED` au palier 1 — nom / contenu d’EXEMPLE
REJOUER « LA TOURNÉE COURTE »	89	proposée	carnet.bloc.rejouer_nom	Rejouer « {nom} »	Replay “{nom}”	le nom de la soirée est une donnée ; clé NOMMÉE (message à paramètres)
quatre ordres d’un coup	89	proposée	carnet.bloc.n_ordres_d_un_coup	{n, plural, one {un ordre} other {# ordres}} d’un coup	{n, plural, one {one order} other {# orders}} at once	D15 ; clé NOMMÉE (message à paramètres)
Ce qui s’est passé en ville	90	proposée	carnet.bloc.ce_qui_s_est_passe_en_ville	Ce qui s’est passé en ville	What happened in town	titre (90) : `ambient/feed`, `random-world/active`
Ce qui bouge dans les quartiers où vous avez quelque chose.	90	proposée	carnet.bloc.ce_qui_bouge_dans_les_quartiers_ou_vous_avez_quelque_chose	Ce qui bouge dans les quartiers où vous avez quelque chose.	What’s moving in the districts where you have something.	
Dans vos quartiers	90	proposée	carnet.bloc.dans_vos_quartiers	Dans vos quartiers	In your districts	
Une descente au Threnny	90	note				événement d’EXEMPLE : le texte vient du descripteur servi (`ambient.micro_event.*`, `random_world.template.*`) — pas un libellé
trois quartiers l’ont vue	90	note				événement d’EXEMPLE : le texte vient du descripteur servi (`ambient.micro_event.*`, `random_world.template.*`) — pas un libellé ; aucune donnée ne compte les témoins (D15)
VOUS Y ÉTIEZ	90	proposée	carnet.bloc.vous_y_etiez	Vous y étiez	You were there	la marque d’un événement suivi (`ambient/attend`) ; ⚠️ champ « suivi » à vérifier dans le corps servi
Un enterrement à Spine	90	note				événement d’EXEMPLE : le texte vient du descripteur servi (`ambient.micro_event.*`, `random_world.template.*`) — pas un libellé
la famille Coil y était	90	note				événement d’EXEMPLE : le texte vient du descripteur servi (`ambient.micro_event.*`, `random_world.template.*`) — pas un libellé ; aucune donnée
Le pont du nord ferme	90	note				événement d’EXEMPLE : le texte vient du descripteur servi (`ambient.micro_event.*`, `random_world.template.*`) — pas un libellé
pour deux jours	90	note				événement d’EXEMPLE : le texte vient du descripteur servi (`ambient.micro_event.*`, `random_world.template.*`) — pas un libellé ; aucune durée servie (D15)
Bagarre au marché	90	note				événement d’EXEMPLE : le texte vient du descripteur servi (`ambient.micro_event.*`, `random_world.template.*`) — pas un libellé
Ce qui se passe là où vous avez quelque chose.	90	proposée	carnet.bloc.ce_qui_se_passe_la_ou_vous_avez_quelque_chose	Ce qui se passe là où vous avez quelque chose.	What’s going on where you have something.	
Y être vu compte	90	proposée	carnet.bloc.y_etre_vu_compte_dans_un_sens_comme_dans_l_autre	Y être vu compte, dans un sens comme dans l’autre.	Being seen there counts, one way or the other.	une phrase en deux nœuds
, dans un sens comme dans l’autre.	90	proposée	carnet.bloc.y_etre_vu_compte_dans_un_sens_comme_dans_l_autre			même phrase
ALLER À L’ENTERREMENT	90	proposée	carnet.bloc.aller_a_l_enterrement	Aller à l’enterrement	Go to the funeral	geste À ROUTE (`POST /v1/random-world/hollow/:eventId/attend-funeral`)
on vous y verra	90	proposée	carnet.bloc.on_vous_y_verra	on vous y verra	you’ll be seen there	
Ce qui arrive	91	note				le calendrier (91) n’a AUCUNE route joueur ; le servi le dit : `carnet.bloc.ce_que_la_ville_prepare_personne_ne_vous_le_rapporte_encore_…` — note / dette
Ce que la ville prépare, et ce qu’on peut faire contre.	91	note				le calendrier (91) n’a AUCUNE route joueur ; le servi le dit : `carnet.bloc.ce_que_la_ville_prepare_personne_ne_vous_le_rapporte_encore_…` — note / dette
Le conseil serre les docks	91	note				le calendrier (91) n’a AUCUNE route joueur ; le servi le dit : `carnet.bloc.ce_que_la_ville_prepare_personne_ne_vous_le_rapporte_encore_…` — note / dette
« Les contrôles doublent sur les quais nord. »	91	note				le calendrier (91) n’a AUCUNE route joueur ; le servi le dit : `carnet.bloc.ce_que_la_ville_prepare_personne_ne_vous_le_rapporte_encore_…` — note / dette
Ce qu’on peut faire :	91	note				le calendrier (91) n’a AUCUNE route joueur ; le servi le dit : `carnet.bloc.ce_que_la_ville_prepare_personne_ne_vous_le_rapporte_encore_…` — note / dette
Passer par le sud, ou attendre.	91	note				le calendrier (91) n’a AUCUNE route joueur ; le servi le dit : `carnet.bloc.ce_que_la_ville_prepare_personne_ne_vous_le_rapporte_encore_…` — note / dette
Élection au printemps	91	note				le calendrier (91) n’a AUCUNE route joueur ; le servi le dit : `carnet.bloc.ce_que_la_ville_prepare_personne_ne_vous_le_rapporte_encore_…` — note / dette
annoncé	91	note				le calendrier (91) n’a AUCUNE route joueur ; le servi le dit : `carnet.bloc.ce_que_la_ville_prepare_personne_ne_vous_le_rapporte_encore_…` — note / dette
« Tout le monde veut être vu propre. »	91	note				le calendrier (91) n’a AUCUNE route joueur ; le servi le dit : `carnet.bloc.ce_que_la_ville_prepare_personne_ne_vous_le_rapporte_encore_…` — note / dette
La ville ne vous prévient pas de tout — mais ce qui est	91	note				le calendrier (91) n’a AUCUNE route joueur ; le servi le dit : `carnet.bloc.ce_que_la_ville_prepare_personne_ne_vous_le_rapporte_encore_…` — note / dette
, on peut s’y préparer.	91	note				le calendrier (91) n’a AUCUNE route joueur ; le servi le dit : `carnet.bloc.ce_que_la_ville_prepare_personne_ne_vous_le_rapporte_encore_…` — note / dette
Le calendrier ne donne	91	note				le calendrier (91) n’a AUCUNE route joueur ; le servi le dit : `carnet.bloc.ce_que_la_ville_prepare_personne_ne_vous_le_rapporte_encore_…` — note / dette
aucune date	91	note				le calendrier (91) n’a AUCUNE route joueur ; le servi le dit : `carnet.bloc.ce_que_la_ville_prepare_personne_ne_vous_le_rapporte_encore_…` — note / dette
: ni quand ça finit, ni quand ça a commencé. Seulement	91	note				le calendrier (91) n’a AUCUNE route joueur ; le servi le dit : `carnet.bloc.ce_que_la_ville_prepare_personne_ne_vous_le_rapporte_encore_…` — note / dette
ce qui est en cours	91	note				le calendrier (91) n’a AUCUNE route joueur ; le servi le dit : `carnet.bloc.ce_que_la_ville_prepare_personne_ne_vous_le_rapporte_encore_…` — note / dette
et	91	note				le calendrier (91) n’a AUCUNE route joueur ; le servi le dit : `carnet.bloc.ce_que_la_ville_prepare_personne_ne_vous_le_rapporte_encore_…` — note / dette
ce qui est annoncé	91	note				le calendrier (91) n’a AUCUNE route joueur ; le servi le dit : `carnet.bloc.ce_que_la_ville_prepare_personne_ne_vous_le_rapporte_encore_…` — note / dette
(complément)		proposée	carnet.ordre.maintenance_batch	Faire l’entretien	Do the upkeep	PROPOSÉ (`slot_type` vivant, non dessiné)
(complément)		proposée	carnet.ordre.recruitment_step	Recruter	Recruit	PROPOSÉ (`slot_type` vivant, non dessiné)
(complément)		servie · D14	error.cue_stack.dependency_cycle	Ces ordres s’attendent les uns les autres : il faut en détacher un.	These orders wait on each other: unhook one of them.	D14 + D12 : le servi dit « repères » (mot de ⑦) — valeur à aligner, clé gardée
(complément)		servie · D14	error.cue_stack.settling_compound_required	Un endroit n’a pas fini de se poser : dites-le clairement pour y aller quand même.	A place hasn’t settled yet: say so plainly to go anyway.	D14 : le servi parle d’un « composé de stabilisation » — le mot de la maquette ; clé gardée
(complément)		servie · D14	error.cue_stack.slot_type_reserved	Cet ordre n’est pas encore possible.	This order isn’t possible yet.	D12 : le servi dit « emplacement… repère » ; clé gardée
