catégorie	groupe	rang	nom	forme servie	statut	note
lieutenant	groupe 1	1	Hara	Lt. Hara	canon	réservoir servi + clés d'accueil (Lt. Hara) ; « Crédit Hara » sort des enseignes (réservoirs disjoints)
lieutenant	groupe 1	2	Salvatore	Lt. Salvatore	canon	maquette ⑦ (front.md l. 1396)
lieutenant	groupe 1	3	Nestor	Lt. Nestor	canon	clé servie appro.bloc.nestor_… + maquette du labo
lieutenant	groupe 1	4	Sparano	Lt. Sparano	proposé	
lieutenant	groupe 1	5	Improta	Lt. Improta	proposé	
lieutenant	groupe 1	6	Astarita	Lt. Astarita	proposé	
lieutenant	groupe 1	7	Vitiello	Lt. Vitiello	proposé	surnom proposé 'o Sartore (champ à part)
lieutenant	groupe 1	8	Sannino	Lt. Sannino	proposé	
lieutenant	groupe 1	9	Tufano	Lt. Tufano	proposé	
lieutenant	groupe 1	10	Formisano	Lt. Formisano	proposé	
lieutenant	groupe 1	11	Sicignano	Lt. Sicignano	proposé	
lieutenant	groupe 1	12	Balzano	Lt. Balzano	proposé	
lieutenant	groupe 2	1	Aurilia	Lt. Aurilia	proposé	
lieutenant	groupe 2	2	Ambrosino	Lt. Ambrosino	proposé	
lieutenant	groupe 2	3	Caccavale	Lt. Caccavale	proposé	surnom proposé 'a Lampara (champ à part)
lieutenant	groupe 2	4	Guardascione	Lt. Guardascione	proposé	
lieutenant	groupe 2	5	Cennamo	Lt. Cennamo	proposé	
lieutenant	groupe 2	6	Anzalone	Lt. Anzalone	proposé	
lieutenant	groupe 2	7	Ciaramella	Lt. Ciaramella	proposé	
lieutenant	groupe 2	8	Gargiulo	Lt. Gargiulo	proposé	
lieutenant	groupe 2	9	Iaccarino	Lt. Iaccarino	proposé	surnom proposé 'a Maestra (champ à part)
lieutenant	groupe 2	10	Imparato	Lt. Imparato	proposé	
lieutenant	groupe 2	11	Pellino	Lt. Pellino	proposé	
lieutenant	groupe 2	12	Longobardi	Lt. Longobardi	proposé	
lieutenant	groupe 3	1	Maiello	Lt. Maiello	proposé	
lieutenant	groupe 3	2	Mascolo	Lt. Mascolo	proposé	surnom proposé 'o Quaderno (champ à part)
lieutenant	groupe 3	3	Minichini	Lt. Minichini	proposé	
lieutenant	groupe 3	4	Palomba	Lt. Palomba	proposé	
lieutenant	groupe 3	5	Parlato	Lt. Parlato	proposé	
lieutenant	groupe 3	6	Pignalosa	Lt. Pignalosa	proposé	
lieutenant	groupe 3	7	Punzo	Lt. Punzo	proposé	
lieutenant	groupe 3	8	Ragosta	Lt. Ragosta	proposé	
lieutenant	groupe 3	9	Rescigno	Lt. Rescigno	proposé	
lieutenant	groupe 3	10	Siniscalchi	Lt. Siniscalchi	proposé	
lieutenant	groupe 3	11	Staiano	Lt. Staiano	proposé	
lieutenant	groupe 3	12	Verrusio	Lt. Verrusio	proposé	surnom proposé 'o Silenzio (champ à part)
lieutenant	groupe 4	1	Vanacore	Lt. Vanacore	proposé	
lieutenant	groupe 4	2	Conturso	Lt. Conturso	proposé	
lieutenant	groupe 4	3	Acampora	Lt. Acampora	proposé	
lieutenant	groupe 4	4	Cervone	Lt. Cervone	proposé	
lieutenant	groupe 4	5	Buonocore	Lt. Buonocore	proposé	
lieutenant	groupe 4	6	Capuano	Lt. Capuano	proposé	
lieutenant	groupe 4	7	Guarracino	Lt. Guarracino	proposé	
lieutenant	groupe 4	8	Musella	Lt. Musella	proposé	
lieutenant	groupe 4	9	Orefice	Lt. Orefice	proposé	
lieutenant	groupe 4	10	Sagliocco	Lt. Sagliocco	proposé	
lieutenant	groupe 4	11	Scarpato	Lt. Scarpato	proposé	surnom proposé 'o Pescatore (champ à part)
lieutenant	groupe 4	12	Scognamiglio	Lt. Scognamiglio	proposé	
dealer	—	1	Lello	Lello	proposé	
dealer	—	2	Nando	Nando	proposé	
dealer	—	3	Nella	Nella	proposé	
dealer	—	4	Peppe	Peppe	proposé	
dealer	—	5	Nunziatina	Nunziatina	proposé	
dealer	—	6	Gigino	Gigino	proposé	
dealer	—	7	Marietta	Marietta	proposé	
dealer	—	8	Mimmo	Mimmo	proposé	
dealer	—	9	Assuntina	Assuntina	proposé	
dealer	—	10	Tonino	Tonino	proposé	
dealer	—	11	Ciccillo	Ciccillo	proposé	
dealer	—	12	Lina	Lina	proposé	
dealer	—	13	Enzuccio	Enzuccio	proposé	
dealer	—	14	Vicienzo	Vicienzo	proposé	
dealer	—	15	Brunella	Brunella	proposé	
dealer	—	16	Cettina	Cettina	proposé	
dealer	—	17	Nicolino	Nicolino	proposé	
dealer	—	18	Nannina	Nannina	proposé	
enseigne	front_shop	1	Pressing du Marché	Pressing du Marché — {district}, îlot {block}	proposé	nom de lieu (aucune personne)
enseigne	front_shop	2	Tabac-Presse du Môle	Tabac-Presse du Môle — {district}, îlot {block}	proposé	nom de lieu (aucune personne)
enseigne	front_shop	3	Laverie du Quai	Laverie du Quai — {district}, îlot {block}	servie gardée	
enseigne	front_shop	4	Photo Barbato	Photo Barbato — {district}, îlot {block}	proposé	
enseigne	front_shop	5	Serrurerie Cafasso	Serrurerie Cafasso — {district}, îlot {block}	proposé	
enseigne	front_shop	6	Cordonnerie de la Fontaine	Cordonnerie de la Fontaine — {district}, îlot {block}	proposé	nom de lieu (aucune personne)
enseigne	cash_safehouse	1	Garde-meubles Lauritano	Garde-meubles Lauritano — {district}, îlot {block}	proposé	
enseigne	cash_safehouse	2	Consigne de la Threnny	Consigne de la Threnny — {district}, îlot {block}	servie gardée	
enseigne	cash_safehouse	3	Box de l’Écluse	Box de l’Écluse — {district}, îlot {block}	proposé	nom de lieu (aucune personne)
enseigne	cash_safehouse	4	Entrepôt des Docks	Entrepôt des Docks — {district}, îlot {block}	proposé	nom de lieu (aucune personne)
enseigne	cash_safehouse	5	Déménagements Iodice	Déménagements Iodice — {district}, îlot {block}	proposé	
enseigne	cash_safehouse	6	Dépôt du Chantier	Dépôt du Chantier — {district}, îlot {block}	proposé	nom de lieu (aucune personne)
enseigne	stash	1	Cave Scamardella	Cave Scamardella — {district}, îlot {block}	proposé	
enseigne	stash	2	Réserve des Tanneurs	Réserve des Tanneurs — {district}, îlot {block}	proposé	nom de lieu (aucune personne)
enseigne	stash	3	Remise du 3	Remise du 3 — {district}, îlot {block}	servie gardée	
enseigne	stash	4	Débarras Mastrangelo	Débarras Mastrangelo — {district}, îlot {block}	proposé	
enseigne	stash	5	Cellier du Levant	Cellier du Levant — {district}, îlot {block}	proposé	nom de lieu (aucune personne)
enseigne	stash	6	Grenier Ascolese	Grenier Ascolese — {district}, îlot {block}	proposé	
enseigne	lab	1	Mécanique de l’Arsenal	Mécanique de l’Arsenal — {district}, îlot {block}	proposé	nom de lieu (aucune personne)
enseigne	lab	2	Ferblanterie Vetrano	Ferblanterie Vetrano — {district}, îlot {block}	proposé	
enseigne	lab	3	Réparation des Forges	Réparation des Forges — {district}, îlot {block}	proposé	nom de lieu (aucune personne)
enseigne	lab	4	Soudure Fusco	Soudure Fusco — {district}, îlot {block}	proposé	
enseigne	lab	5	Outillage de la Fonderie	Outillage de la Fonderie — {district}, îlot {block}	proposé	nom de lieu (aucune personne)
enseigne	lab	6	Électricité Perrella	Électricité Perrella — {district}, îlot {block}	proposé	
enseigne	grow_house	1	Serres Rega	Serres Rega — {district}, îlot {block}	proposé	
enseigne	grow_house	2	Jardinerie des Tilleuls	Jardinerie des Tilleuls — {district}, îlot {block}	proposé	nom de lieu (aucune personne)
enseigne	grow_house	3	Pépinière du Verre	Pépinière du Verre — {district}, îlot {block}	servie gardée	
enseigne	grow_house	4	Fleurs Pacilio	Fleurs Pacilio — {district}, îlot {block}	proposé	
enseigne	grow_house	5	Serres du Treillis	Serres du Treillis — {district}, îlot {block}	servie gardée	
enseigne	grow_house	6	Horticulture du Couchant	Horticulture du Couchant — {district}, îlot {block}	proposé	nom de lieu (aucune personne)
enseigne	refinery	1	Distillerie Santaniello	Distillerie Santaniello — {district}, îlot {block}	proposé	
enseigne	refinery	2	Traitement de surface Sibilio	Traitement de surface Sibilio — {district}, îlot {block}	proposé	
enseigne	refinery	3	Filtration de la Digue	Filtration de la Digue — {district}, îlot {block}	proposé	nom de lieu (aucune personne)
enseigne	refinery	4	Épuration de l’Estuaire	Épuration de l’Estuaire — {district}, îlot {block}	proposé	nom de lieu (aucune personne)
enseigne	refinery	5	Traitement des eaux du Phare	Traitement des eaux du Phare — {district}, îlot {block}	proposé	nom de lieu (aucune personne)
enseigne	refinery	6	Récupération Tagliamonte	Récupération Tagliamonte — {district}, îlot {block}	proposé	
enseigne	press_house	1	Imprimerie Trinchillo	Imprimerie Trinchillo — {district}, îlot {block}	proposé	
enseigne	press_house	2	Presse du Beffroi	Presse du Beffroi — {district}, îlot {block}	proposé	nom de lieu (aucune personne)
enseigne	press_house	3	Reprographie Vecchione	Reprographie Vecchione — {district}, îlot {block}	proposé	
enseigne	press_house	4	Sérigraphie Zampella	Sérigraphie Zampella — {district}, îlot {block}	proposé	
enseigne	press_house	5	Étiquettes Zinno	Étiquettes Zinno — {district}, îlot {block}	proposé	
enseigne	press_house	6	Papeterie des Remparts	Papeterie des Remparts — {district}, îlot {block}	proposé	nom de lieu (aucune personne)
enseigne	distribution_hub	1	Transports Cimmaruta	Transports Cimmaruta — {district}, îlot {block}	proposé	
enseigne	distribution_hub	2	Messagerie du Viaduc	Messagerie du Viaduc — {district}, îlot {block}	proposé	nom de lieu (aucune personne)
enseigne	distribution_hub	3	Coursiers de la Corniche	Coursiers de la Corniche — {district}, îlot {block}	proposé	nom de lieu (aucune personne)
enseigne	distribution_hub	4	Fret de la Criée	Fret de la Criée — {district}, îlot {block}	proposé	nom de lieu (aucune personne)
enseigne	distribution_hub	5	Livraisons des Pêcheurs	Livraisons des Pêcheurs — {district}, îlot {block}	proposé	nom de lieu (aucune personne)
enseigne	distribution_hub	6	Colis du Square	Colis du Square — {district}, îlot {block}	proposé	nom de lieu (aucune personne)
enseigne	office	1	Cabinet Della Ragione	Cabinet Della Ragione — {district}, îlot {block}	proposé	
enseigne	office	2	Fiduciaire des Arcades	Fiduciaire des Arcades — {district}, îlot {block}	proposé	nom de lieu (aucune personne)
enseigne	office	3	Agence Amitrano	Agence Amitrano — {district}, îlot {block}	proposé	
enseigne	office	4	Comptoir Allocca	Comptoir Allocca — {district}, îlot {block}	proposé	
enseigne	office	5	Secrétariat Cinquegrana	Secrétariat Cinquegrana — {district}, îlot {block}	proposé	
enseigne	office	6	Études Mauriello	Études Mauriello — {district}, îlot {block}	proposé	
enseigne	dealer_spot_front	1	Kiosque Sarnataro	Kiosque Sarnataro — {district}, îlot {block}	proposé	
enseigne	dealer_spot_front	2	Snack Vollono	Snack Vollono — {district}, îlot {block}	proposé	
enseigne	dealer_spot_front	3	Salle de jeux Sorvillo	Salle de jeux Sorvillo — {district}, îlot {block}	proposé	
enseigne	dealer_spot_front	4	Café du Quai	Café du Quai — {district}, îlot {block}	servie gardée	
enseigne	dealer_spot_front	5	Billard Aliperta	Billard Aliperta — {district}, îlot {block}	proposé	
enseigne	dealer_spot_front	6	Vidéo-club Caiazza	Vidéo-club Caiazza — {district}, îlot {block}	proposé	
enseigne	money_holding	1	Change Russiello	Change Russiello — {district}, îlot {block}	proposé	
enseigne	money_holding	2	Crédit du Port	Crédit du Port — {district}, îlot {block}	proposé	nom de lieu (aucune personne)
enseigne	money_holding	3	Caisse Zurolo	Caisse Zurolo — {district}, îlot {block}	proposé	
enseigne	money_holding	4	Prêts Amodio	Prêts Amodio — {district}, îlot {block}	proposé	
enseigne	money_holding	5	Épargne Ummarino	Épargne Ummarino — {district}, îlot {block}	proposé	
enseigne	money_holding	6	Change du Verre	Change du Verre — {district}, îlot {block}	servie gardée	
enseigne	specialized_lab	1	Laboratoire Fierro	Laboratoire Fierro — {district}, îlot {block}	proposé	
enseigne	specialized_lab	2	Analyses Porzio	Analyses Porzio — {district}, îlot {block}	proposé	
enseigne	specialized_lab	3	Chimie fine Chiacchio	Chimie fine Chiacchio — {district}, îlot {block}	proposé	
enseigne	specialized_lab	4	Contrôle Manna	Contrôle Manna — {district}, îlot {block}	proposé	
enseigne	specialized_lab	5	Mesures Lanzetta	Mesures Lanzetta — {district}, îlot {block}	proposé	
enseigne	specialized_lab	6	Optique Nastri	Optique Nastri — {district}, îlot {block}	proposé	
chef rival	—	—	—	—	absent	4 (Coil, Tarcum, Gorge-de-Fer, Saltline) : aucun nom, aucun visage, aucun caractère décrits (lot 6 l. 269) : à écrire avec le lot 6, visage et caractère d'abord
précinct	—	—	—	—	absent	6 (BPD, GDD 02) : aucun nom propre servi (entier) ; la table 51 propose `police.bloc.precinct_n` « Précinct {n} » — le numéro suffit, pas de réservoir
