clé	fr	en	statut
hl.option.damaged_building.repair_via_queue.projected_consequence	Chaque réparation se paie tout de suite, tant que l’argent suit ; les travaux finis, l’activité reprend.	Each repair is paid for on the spot, as long as the money holds out; once the work is done, business picks up again.	PROPOSÉ
hl.option.damaged_building.leave_damaged.projected_consequence	Rien n’est payé, mais ce qui est endommagé reste à l’arrêt, et le manque à gagner court.	Nothing is paid, but what’s damaged stays shut down, and the lost earnings keep adding up.	PROPOSÉ
hl.option.severed_route.reroute_now.projected_consequence	Un détour est tracé pour chaque route et payé tout de suite, tant que l’argent suit ; le passage rouvre une fois les travaux finis.	A detour is laid out for each route and paid for on the spot, as long as the money holds out; the way reopens once the work is done.	PROPOSÉ
hl.option.severed_route.leave_severed.projected_consequence	Rien n’est payé, mais ce qui est coupé le reste : plus rien n’y passe.	Nothing is paid, but what’s cut stays cut: nothing gets through.	PROPOSÉ
hl.option.legal_case.accept_plea_deal.projected_consequence	L’affaire se referme tout de suite, à des conditions négociées : plus de verdict à attendre, ni à redouter.	The case closes right away, on negotiated terms: no verdict to wait for, or to dread.	PROPOSÉ
hl.option.legal_case.let_ride.projected_consequence	L’affaire suit son cours jusqu’au verdict : il peut vous être favorable, ou tourner mal.	The case runs its course to a verdict: it may go your way, or it may go badly.	PROPOSÉ
hl.option.mycelial_stressed_leg.maintain_now.projected_consequence	Un entretien rapide et peu coûteux, payé tout de suite pour chaque maillon, tant que l’argent suit : la tension retombe sans arrêter les livraisons.	A quick, inexpensive service, paid for on the spot for each link, as long as the money holds out: the strain eases without halting deliveries.	PROPOSÉ
hl.option.mycelial_stressed_leg.leave_stressed.projected_consequence	Rien n’est payé, mais chaque passage ajoute à l’usure : la rupture se rapproche.	Nothing is paid, but every run adds to the wear: the break draws closer.	PROPOSÉ
hl.option.backpressure_critical_trace.trace_now.projected_consequence	Vous allez voir d’où vient l’engorgement : rien n’y est touché, rien n’est payé.	You go and see where the bottleneck starts: nothing is touched, nothing is paid.	PROPOSÉ
hl.option.backpressure_critical_trace.leave_pending.projected_consequence	L’engorgement reste où il est, et freine tout ce qui passe par là.	The bottleneck stays where it is, and slows everything that passes through.	PROPOSÉ
hl.option.autonomy_reports.review_now.projected_consequence	Vous ouvrez les rapports : chaque point attend votre choix, rien n’est tranché à votre place.	You open the reports: each point waits for your call, and nothing is decided for you.	PROPOSÉ
hl.option.autonomy_reports.leave_pending.projected_consequence	Les rapports restent à lire ; ils vous attendront demain.	The reports stay unread; they’ll still be waiting tomorrow.	PROPOSÉ
hl.option.cue_cascade_fallout.review_now.projected_consequence	Vous ouvrez la file : ce que la cascade a laissé vous attend, rien n’est réglé à votre place.	You open the queue: what the cascade left behind is waiting for you, and nothing is settled on your behalf.	PROPOSÉ
hl.option.cue_cascade_fallout.leave_pending.projected_consequence	Ce que la cascade a laissé reste dans la file, et alourdit votre charge.	What the cascade left behind stays in the queue, and adds to your load.	PROPOSÉ
hl.option.escalation_backlog.review_now.projected_consequence	Vous allez lire les remontées. Ce qui est remonté ne redescend pas : rien n’y sera changé.	You go and read the escalations. What’s been escalated stays escalated: nothing in them will change.	PROPOSÉ
hl.option.escalation_backlog.leave_pending.projected_consequence	Les remontées restent telles quelles ; tant qu’elles s’accumulent, la carte reviendra.	The escalations stay as they are; as long as they keep piling up, the card will keep coming back.	PROPOSÉ
