écran	quand	clé	fr	en	statut	note
⑰	la mémoire du commissariat du quartier sur le joueur est vide (croyance initiale d’un compte neuf : back, C5)	police.vide.le_commissariat_n_a_encore_rien_sur_vous	Le commissariat n’a encore rien sur vous.	The precinct has nothing on you yet.	PROPOSÉ	lire precinct_id dans world/districts (PrecinctScreenController.cs:43 lit « 1 » en dur) ; tant que le back sert HUNTING à un compte neuf, cet état ne s’affiche pas
⑰	idem, seconde ligne	police.vide.tant_que_vous_ne_faites_pas_de_bruit_ca_peut_durer	Tant que vous ne faites pas de bruit, ça peut durer.	Keep it quiet, and it can stay that way.	PROPOSÉ	« discret » évité (D13)
㊵	aucun nœud de blanchiment, mais une planque servie (district/:id/stash)	filiere.vide.votre_planque_enseigne_est_vide	Votre planque, {enseigne}, est vide.	Your safehouse, {enseigne}, is empty.	PROPOSÉ	remplace « Obtenir une planque » / « il faut une planque… » quand la planque existe (le kit la donne) ; {enseigne} = le nom servi par stash
㊵	idem, ce qu’on peut faire	filiere.vide.l_argent_y_entre_quand_vous_ramassez_la_caisse_d_un_dealer	L’argent y entre quand vous ramassez la caisse d’un dealer.	Money comes in when you collect a dealer’s cash.	PROPOSÉ	mécanisme : POST /v1/operational/dealer/:id/collect verse la caisse dans la planque (selling.controller.ts:10) ; « ramasser » = verbe ratifié de ㉟
㉝	friction_node_count = 0, bande light, sans pénalité	demolition.vide.rien_ne_se_gene_vos_sites_tournent_sans_se_marcher_dessus	Rien ne se gêne : vos sites tournent sans se marcher dessus.	Nothing’s in the way: your sites run without stepping on each other.	PROPOSÉ	remplace « L’organisation frotte » à la bande light (littéral client)
㉝	idem, ce qu’on peut faire	demolition.vide.rien_a_raser_pour_l_instant	Rien à raser pour l’instant.	Nothing to raze for now.	PROPOSÉ	la réplique de Dima (« il va falloir en enlever une ») ne s’affiche pas à la bande light — nom figé : table 64
㉝	le compte de sites qui se gênent (toute bande)	demolition.ecran.n_endroits_se_genent	{n, plural, =0 {Aucun endroit ne se gêne.} one {Un endroit en gêne un autre.} other {# endroits se gênent entre eux.}}	{n, plural, =0 {Nothing is in the way.} one {One site is in another’s way.} other {# sites are in each other’s way.}}	PROPOSÉ	remplace le littéral « 0 endroits se gênent entre eux » (accord) ; mêmes branches fr/en (en_egal_fr règle 3)
㉚	graphe de la chaîne : tous les nœuds silent (compte neuf)	appro.vide.rien_ne_circule_encore_vos_maillons_attendent_une_premiere_commande	Rien ne circule encore : vos maillons attendent une première commande.	Nothing’s moving yet: your links are waiting for a first order.	PROPOSÉ	à la place de appro.bloc.des_maillons_existent_mais_cet_ecran_ne_sait_pas_encore_les_afficher (texte de chantier, à ne plus afficher) ; « Nestor » : table 64
㉘	aucun distribution_hub possédé	distribution.vide.pas_encore_de_relais	Pas encore de relais.	No hub yet.	PROPOSÉ	remplace « La distribution n’a pas répondu » + la phrase de développeur quand la réponse est VIDE (≠ erreur) ; « Relais » / « Hub » = building.type.distribution_hub (D12)
㉘	idem, ce qui se passe	distribution.vide.sans_relais_rien_ne_part_c_est_de_la_que_vos_coursiers_livrent	Sans relais, rien ne part : c’est de là que vos coursiers livrent.	Without a hub, nothing goes out: that’s where your couriers deliver from.	PROPOSÉ	
㉘	idem, ce qu’on peut faire	distribution.vide.un_relais_s_obtient_en_reconvertissant_un_de_vos_locaux_une_decision_de_structure	Un relais s’obtient en reconvertissant un de vos locaux — une décision de structure.	You get a hub by converting one of your premises — a structural decision.	PROPOSÉ	route joueur POST /v1/operational/building/:id/convert, gouvernée (real-estate.controller.ts:75, :133)
㊱	aucune carte (route jamais appelée : HorizonScreenController.cs:58, 73)	horizon.bloc.rien_ne_s_ouvre_pour_l_instant	Rien ne s’ouvre pour l’instant.	Nothing is opening up for now.	SERVIE (réutilisée)	le texte existe déjà : client — appeler Charger() au montage ; aucune clé neuve
㊱	idem	horizon.bloc.l_horizon_se_remplit_en_jouant	L’horizon se remplit en jouant.	The horizon fills up as you play.	SERVIE (réutilisée)	idem
