clé	fr	en	statut	note
carnet.bloc.ce_qui_arrive	Ce qui arrive	What’s coming	PROPOSÉ	surtitre du panneau (m-91) ; casse de phrase, les capitales sont du style
carnet.bloc.en_cours	en cours	under way	PROPOSÉ	après le nom d’un événement actif ; invariable
carnet.bloc.annonce	à venir	coming up	PROPOSÉ	clé du client gardée (non servie) ; « annoncé » s’accordait mal : les noms servis sont masculins ET féminins (« la campagne électorale », « le coup de filet ») ⇒ invariable
carnet.bloc.rien_n_est_annonce	Rien n’est annoncé.	Nothing’s been announced.	PROPOSÉ	calendrier servi, vide ; le sous-titre garde carnet.bloc.ce_que_la_ville_prepare (servie)
carnet.bloc.le_calendrier_n_a_pas_repondu	Le calendrier n’a pas répondu.	The calendar didn’t answer.	PROPOSÉ	la route n’a PAS répondu (erreur ≠ vide) ; sans date (m-91)
political.event.E-POL-01	la campagne électorale	Electoral campaign season	SERVIE (réutiliser — pas de clé neuve)	au lieu de politique.evenement.e_pol_01 du client : composer « political.event. » + eventId TEL QUE SERVI (la clé est ratifiée au dossier de staging, political.*) ; ParValeur abaisse et remplace le tiret, il ne la trouverait pas
political.event.E-POL-02	le budget de la police voté à la hausse	Budget cycle: enforcement increase	SERVIE (réutiliser — pas de clé neuve)	au lieu de politique.evenement.e_pol_02 du client : composer « political.event. » + eventId TEL QUE SERVI (la clé est ratifiée au dossier de staging, political.*) ; ParValeur abaisse et remplace le tiret, il ne la trouverait pas
political.event.E-POL-03	le budget de la police revu à la baisse	Budget cycle: enforcement cut	SERVIE (réutiliser — pas de clé neuve)	au lieu de politique.evenement.e_pol_03 du client : composer « political.event. » + eventId TEL QUE SERVI (la clé est ratifiée au dossier de staging, political.*) ; ParValeur abaisse et remplace le tiret, il ne la trouverait pas
political.event.E-POL-04	le reclassement des substances	Substance scheduling change	SERVIE (réutiliser — pas de clé neuve)	au lieu de politique.evenement.e_pol_04 du client : composer « political.event. » + eventId TEL QUE SERVI (la clé est ratifiée au dossier de staging, political.*) ; ParValeur abaisse et remplace le tiret, il ne la trouverait pas
political.event.E-POL-05	la campagne d’influence d’un rival	Lobbying campaign by rival	SERVIE (réutiliser — pas de clé neuve)	au lieu de politique.evenement.e_pol_05 du client : composer « political.event. » + eventId TEL QUE SERVI (la clé est ratifiée au dossier de staging, political.*) ; ParValeur abaisse et remplace le tiret, il ne la trouverait pas
political.event.E-POL-06	l’initiative anticorruption	Anti-corruption initiative	SERVIE (réutiliser — pas de clé neuve)	au lieu de politique.evenement.e_pol_06 du client : composer « political.event. » + eventId TEL QUE SERVI (la clé est ratifiée au dossier de staging, political.*) ; ParValeur abaisse et remplace le tiret, il ne la trouverait pas
political.event.E-POL-07	l’assouplissement du zonage industriel	Industrial zoning relaxation	SERVIE (réutiliser — pas de clé neuve)	au lieu de politique.evenement.e_pol_07 du client : composer « political.event. » + eventId TEL QUE SERVI (la clé est ratifiée au dossier de staging, political.*) ; ParValeur abaisse et remplace le tiret, il ne la trouverait pas
political.event.E-POL-08	le coup de filet sur les quais	Riverfront crackdown	SERVIE (réutiliser — pas de clé neuve)	au lieu de politique.evenement.e_pol_08 du client : composer « political.event. » + eventId TEL QUE SERVI (la clé est ratifiée au dossier de staging, political.*) ; ParValeur abaisse et remplace le tiret, il ne la trouverait pas
political.event.E-POL-09	le scandale de l’hôtel de ville	City Hall scandal	SERVIE (réutiliser — pas de clé neuve)	au lieu de politique.evenement.e_pol_09 du client : composer « political.event. » + eventId TEL QUE SERVI (la clé est ratifiée au dossier de staging, political.*) ; ParValeur abaisse et remplace le tiret, il ne la trouverait pas
political.event.E-POL-10	la victoire de l’opposition à la mairie	Mayor opposition victory	SERVIE (réutiliser — pas de clé neuve)	au lieu de politique.evenement.e_pol_10 du client : composer « political.event. » + eventId TEL QUE SERVI (la clé est ratifiée au dossier de staging, political.*) ; ParValeur abaisse et remplace le tiret, il ne la trouverait pas
political.event.E-POL-11	l’arrivée d’une brigade fédérale	Federal task force	SERVIE (réutiliser — pas de clé neuve)	au lieu de politique.evenement.e_pol_11 du client : composer « political.event. » + eventId TEL QUE SERVI (la clé est ratifiée au dossier de staging, political.*) ; ParValeur abaisse et remplace le tiret, il ne la trouverait pas
political.event.E-POL-12	l’arrivée d’un élu de quartier bienveillant	Sympathetic district representative	SERVIE (réutiliser — pas de clé neuve)	au lieu de politique.evenement.e_pol_12 du client : composer « political.event. » + eventId TEL QUE SERVI (la clé est ratifiée au dossier de staging, political.*) ; ParValeur abaisse et remplace le tiret, il ne la trouverait pas
