réf.	clé	fr	en	statut	note
R1-R3	error.production.precursor_missing	Pas assez de {precursor_type} au labo pour cuire. Commandez-en depuis la chaîne d’appro.	Not enough {precursor_type} at the lab to cook. Order some from the supply chain.	PROPOSÉ (code neuf + texte ratifié en/fr)	une clé pour les 3 throw (422 ×2 et 409 ×1, même cause) ; {precursor_type} s’affiche RÉSOLU par building.precursor.<type> (servi) ; sans article (Pyralin, Thalmite, Sel de grenat : genres différents)
R4	error.production.cook_in_progress	Une cuisson tourne déjà dans ce labo. Attendez qu’elle finisse.	A cook is already running in this lab. Wait for it to finish.	PROPOSÉ (code neuf + texte ratifié en/fr)	
R5	error.production.storage_full	Le stock du labo est plein. Faites partir de la marchandise avant de relancer.	The lab’s storage is full. Move some product out before starting again.	PROPOSÉ (code neuf + texte ratifié en/fr)	sans les grammes (payload place_g/requis_g non affichés)
R6	error.distribution.product_missing	Rien à envoyer : ce bâtiment n’a pas de marchandise. Il faut d’abord une cuisson.	Nothing to send: this building has no product. It needs a cook first.	PROPOSÉ (code neuf + texte ratifié en/fr)	
R7	error.distribution.destination_full	La destination est pleine. Choisissez-en une autre, ou attendez qu’elle se vide.	The destination is full. Pick another, or wait for it to empty.	PROPOSÉ (code neuf + texte ratifié en/fr)	
R8	error.real_estate.already_converted	Ce local a déjà son usage. Pour un autre usage, reconvertissez un local qui n’en a pas encore.	This place already has its use. For another use, convert a place that doesn’t have one yet.	PROPOSÉ (code neuf + texte ratifié en/fr)	les locaux du kit sont déjà convertis
R9	error.laundering.safehouse_short	La planque ne tient pas assez d’argent pour ça. Ramassez d’abord la caisse d’un dealer.	The safehouse doesn’t hold enough cash for that. Collect a dealer’s cash first.	PROPOSÉ (code neuf + texte ratifié en/fr)	« ramasser » = verbe ratifié ; collect → planque
R10	error.laundering.node_full	Cette façade blanchit déjà tout ce qu’elle peut. Attendez qu’elle écoule, ou passez par une autre.	This front is already laundering all it can. Wait for it to clear, or go through another.	PROPOSÉ (code neuf + texte ratifié en/fr)	
R11	error.lieutenant.laundering_node_missing	Cette façade ne blanchit encore rien : faites-y d’abord entrer de l’argent depuis la planque.	This front isn’t laundering anything yet: move cash in from the safehouse first.	PROPOSÉ (code neuf + texte ratifié en/fr)	
R12	error.lieutenant.dealer_missing	Aucun dealer ne tient ce coin de vente : postez-en un d’abord.	No dealer works this corner: post one first.	PROPOSÉ (code neuf + texte ratifié en/fr)	D12 « coin de vente »
R13	error.lieutenant.building_type_mismatch	Ce local ne convient pas à ce lieutenant : choisissez un bâtiment de son métier.	This place doesn’t suit this lieutenant: pick a building in their line of work.	PROPOSÉ (code neuf + texte ratifié en/fr)	{archetype} non affiché ; épicène (« their »)
R14	error.lieutenant.roster_full	Votre famille est au complet : pour recruter, il faut d’abord qu’un lieutenant parte.	Your family is full: someone has to leave before you can recruit.	PROPOSÉ (code neuf + texte ratifié en/fr)	sans le plafond chiffré
R16	error.economy.insufficient_cash	Pas assez d’argent pour ça. Ramassez la caisse de vos dealers, ou attendez que ça rentre.	Not enough cash for that. Collect your dealers’ cash, or wait for it to come in.	PROPOSÉ (code neuf + texte ratifié en/fr)	une clé pour 3 throw (commande, reconversion, achat) ; sans montant
R17	error.meta_progression.category_not_delegated	Vous n’avez jamais confié cette tâche : il n’y a rien à reprendre.	You never handed this over: there’s nothing to take back.	PROPOSÉ (code neuf + texte ratifié en/fr)	inverse de category_delegated (servi)
R18	error.citysim.not_yet_computed	Rien à lire pour l’instant : revenez un peu plus tard.	Nothing to read yet: come back a little later.	PROPOSÉ (code neuf + texte ratifié en/fr)	« pas encore » ≠ « n’existe pas » ; zéro mot sur la simulation
R19	error.production.not_a_cook_building	Ce n’est pas un labo : il n’y a pas de cuisson à suivre ici.	This isn’t a lab: there’s no cook to follow here.	PROPOSÉ (code neuf + texte ratifié en/fr)	ou correctif client : ne pas appeler storage sur le cellier
R20	error.recruitment.session_not_ready	Pas encore : cette étape demande encore un peu de temps. Revenez plus tard.	Not yet: this step needs a little more time. Come back later.	PROPOSÉ (code neuf + texte ratifié en/fr)	sans les minutes de jeu
R15	error.core_loops.structural_cap_exhausted	Une décision de structure par journée de la famille : celle d’aujourd’hui est prise. Reprenez au jour suivant.	One structural decision per family day, and today’s is made. Take it up again the next day.	PROPOSÉ (valeur réécrite, clé gardée)	VALEUR RÉÉCRITE, clé servie gardée (ERROR_TEXT_RATIFIED) ; D35 : la journée = family_day
