partie	quand	clé	fr	en	statut	note
état vide	moins de 4 ordres posables ou posés	carnet.vide.il_faut_au_moins_quatre_ordres_pour_une_soiree	Il faut au moins quatre ordres pour une soirée.	An evening needs at least four orders.	PROPOSÉ	compose refuse moins de 4 (cue-stack.service.ts:204) ; « Lancer la soirée » n’apparaît qu’à 4
état vide	au moins un type a une cible	carnet.vide.vous_pouvez_deja_poser	Vous pouvez déjà poser	You can already set	PROPOSÉ	suivi de la liste des types qui ont au moins une cible, chacun avec son compte
état vide	le compte d’un type	carnet.vide.n_cibles	{n, plural, one {# cible} other {# cibles}}	{n, plural, one {# target} other {# targets}}	PROPOSÉ	cibles DISTINCTES (le back accepte deux fois la même ; le composeur ne le propose pas)
état vide	le total des cibles posables < 4	carnet.vide.pas_encore_de_quoi_remplir_une_soiree	Pas encore de quoi remplir une soirée : il faudra d’autres locaux, des itinéraires ou des candidats.	Not enough yet to fill an evening: you’ll need more premises, routes or candidates.	PROPOSÉ	pour un compte neuf (kit du 26/09) : 4 locaux à entretenir + l’ardoise du labo = 5 ⇒ cette ligne ne s’affiche pas
composeur	toucher une ligne vide	carnet.composeur.poser_un_ordre	Poser un ordre	Set an order	PROPOSÉ	la ligne vide « — rien — » (servie) devient touchable
composeur	étape 1	carnet.composeur.quel_ordre	Quel ordre ?	Which order?	PROPOSÉ	seuls les 4 types LIVE (slot-type.catalogue.ts:17-22) ; les 3 réservés ne sont jamais offerts
composeur	étape 1, un type sans cible	carnet.composeur.rien_a_viser_pour_l_instant	rien à viser pour l’instant	nothing to aim at for now	PROPOSÉ	le type reste lisible, SANS geste (pas de bouton qui ne peut aboutir)
composeur	étape 2	carnet.composeur.sur_quoi	Sur quoi ?	On what?	PROPOSÉ	cibles servies : DISTRIBUTION_RUN → vos itinéraires ; MAINTENANCE_BATCH → vos locaux opérationnels ; EXCEPTION_BATCH_RESOLUTION → vos locaux qui ont une ardoise en attente ; RECRUITMENT_STEP → les candidats disponibles
composeur	étape 2, rangée d’une cible	(servie) carnet.bloc.a_batiment_quartier	à {batiment} ({quartier})	—	SERVIE (réutiliser)	RÉUTILISÉE : « à Outillage Halde (La Lisière) » ; pour un coursier, carnet.bloc.vers_batiment_quartier
composeur	ligne posée : réordonner	carnet.composeur.appui_long_pour_deplacer	appui long pour déplacer	long press to move	PROPOSÉ	l’ordre des lignes = l’ordre de départ (servi : « dans l’ordre où ils partiront »)
composeur	ligne posée : retirer	carnet.composeur.retirer	Retirer	Remove	PROPOSÉ	
composeur	carnet brouillon, pas encore enregistré	carnet.composeur.encore_n_ordres_a_poser	{n, plural, one {Encore un ordre à poser} other {Encore # ordres à poser}}	{n, plural, one {One more order to set} other {# more orders to set}}	PROPOSÉ	le carnet se garde au client jusqu’à 4 lignes (compose exige 4 à 8 d’un coup), puis POST /v1/cue-stack/compose ; n = 4 − lignes
refus 422	SLOT_TYPE_RESERVED	carnet.refus.cet_ordre_n_existe_pas_encore	Cet ordre n’existe pas encore.	This order doesn’t exist yet.	PROPOSÉ	ne devrait jamais s’afficher : les types réservés ne sont pas offerts
refus 422	CUE_STACK_SLOT_TARGET_INVALID	carnet.refus.cette_cible_ne_tient_plus_choisissez_en_une_autre	Cette cible ne tient plus : choisissez-en une autre.	This target no longer holds: pick another.	PROPOSÉ	la cible a changé entre le choix et l’envoi (vendue, rasée, ardoise réglée, candidat parti)
refus 422	CUE_STACK_DEPENDENCY_CYCLE	(servies) carnet.bloc.deux_ordres_s_attendent_l_un_l_autre …	Deux ordres s’attendent l’un l’autre	—	SERVIE (réutiliser)	RÉUTILISÉES : les 5 clés servies du cycle (titre, phrase, gabarit {a}/{b}, consigne, réplique)
refus 409	CUE_STACK_ALREADY_ACTIVE	carnet.refus.une_soiree_est_deja_en_route	Une soirée est déjà en route : elle finit avant qu’on en compose une autre.	An evening is already under way: it finishes before another is set.	PROPOSÉ	
refus 409	SETTLING_COMPOUND_REQUIRED	(servies) carnet.bloc.un_endroit_n_a_pas_fini_de_se_poser …	Un endroit n’a pas fini de se poser	—	SERVIE (réutiliser)	RÉUTILISÉES : « Y aller quand même » renvoie commit avec acknowledge_compounding: true
composeur	étape 2, geste sur une cible	carnet.composeur.choisir	Choisir	Choose	PROPOSÉ	
composeur	étape 2, cible déjà dans le carnet	carnet.composeur.deja_dans_le_carnet	déjà dans le carnet	already in the notebook	PROPOSÉ	grisée, sans geste : le composeur ne pose jamais deux fois la même cible
(source)	—	—	—	—	SOURCE	back cc46166d : slot-type.catalogue.ts:17-22 (4 LIVE, 3 réservés), :46-51 (cible attendue par type) ; cue-stack.controller.ts:56-118 (compose / reorder / commit) ; cue-stack.service.ts:204 (4 à 8), :269 (cycle), :274-280 et validateTargetExists (cible existante, à vous, actionnable) ; named-sequence : seul verrou de palier
