n°	rôle	clé	fr	en	statut	note
1	geste	filiere.geste.construire_l_etage_suivant	Construire l’étage suivant	Build the next stage	PROPOSÉ	POST /v1/operational/laundering/stage (laundering.controller.ts:129) ; offert seulement quand un nœud existe (après une première injection)
2	conséquence, dite AVANT l’appui	filiere.geste.un_autre_de_vos_locaux_devient_l_etage_suivant	Un autre de vos locaux devient l’étage suivant. Une fois construit, l’argent y avance seul ; chaque étage garde sa part, et il ne sort propre qu’au troisième.	Another of your premises becomes the next stage. Once built, the cash moves through on its own; each stage keeps its cut, and it only comes out clean at the third.	PROPOSÉ	qualitatif, sans montant ; « garde sa part » = la part retenue à chaque passage (laundering-output.service.ts, phase A) ; « au troisième » = seuil de libération (stage-3, 0,90)
3	choisir le local hôte	filiere.geste.sur_quel_local	Sur quel local ?	On which premises?	PROPOSÉ	un local opérationnel à vous, qui ne porte pas déjà un étage (garde :213-218)
4	état, étage 1	filiere.etage.un	l’argent y entre, encore sale	cash comes in, still dirty	PROPOSÉ	propreté servie filiere.proprete.dirty (0,40)
5	état, étage 2	filiere.etage.deux	il y passe, à moitié propre	it passes through, half clean	PROPOSÉ	filiere.proprete.partial (0,65) — ne libère pas
6	état, étage 3 et au-delà	filiere.etage.trois	il en sort propre	it comes out clean	PROPOSÉ	≥ 0,90 : libère dans le portefeuille ; un 4ᵉ étage libère aussi (le back ne plafonne PAS à 3)
7	refus : aucun nœud (404 sur from-node)	filiere.refus.rien_ne_passe_encore_par_la_filiere	Rien ne passe encore par la filière : faites-y d’abord entrer de l’argent.	Nothing is moving through the chain yet: put some cash in first.	PROPOSÉ	code proposé : error.laundering.no_pipeline_node (aujourd’hui RESOURCE_NOT_FOUND générique)
8	refus : le local ne peut pas porter un étage (404 sur l’hôte)	filiere.refus.ce_local_ne_peut_pas_porter_un_etage	Ce local ne peut pas porter un étage.	These premises can’t host a stage.	PROPOSÉ	code proposé : error.laundering.host_not_operational (local pas à vous, ou pas encore ouvert)
9	refus : ce local porte déjà un étage (409)	filiere.refus.ce_local_porte_deja_un_etage_choisissez_en_un_autre	Ce local porte déjà un étage : choisissez-en un autre.	These premises already host a stage: pick others.	PROPOSÉ	code proposé : error.laundering.building_already_hosts_stage (:215-218)
10	refus : l’étage n’est pas le dernier / la filière a bougé (409)	filiere.refus.la_filiere_a_bouge_construisez_a_partir_du_dernier_etage	La filière a bougé : construisez à partir du dernier étage.	The chain has moved: build from the last stage.	PROPOSÉ	code proposé : error.laundering.stage_not_tail (:209-212, et la course :235-239)
—	« déjà 3 étages »	—	—	—	NOTE	AUCUN refus à écrire : le back ne plafonne pas le nombre d’étages (addStage n’a pas de garde de maximum, bfd194bc) ; un 4ᵉ étage libère aussi, en prenant une part de plus. Si un plafond est voulu, c’est une décision de back (canon laundering_pipeline.md), pas un mot
—	source	—	—	—	SOURCE	back main bfd194bc : laundering.service.ts:197-246 (addStage, gardes), laundering-output.service.ts:147-197 (routage au tick, libération au stage 3+) ; laundering.controller.ts:129
