n°	où	quand (état servi)	clé	fr	en	statut	note
1	LA SUITE ④ (72), ligne E	stash load_bucket ∈ {LOW, NOMINAL, HIGH}	accueil.suite.de_l_argent_attend_dans_la_planque	De l’argent attend dans la planque	Cash is waiting in the safehouse	PROPOSÉ	titre ; geste « Blanchir » → ㊵ — PAS « pleine » : elle ne l’est pas
2	idem	idem	accueil.suite.blanchissez_le_il_ne_rapporte_rien_tant_qu_il_dort	Blanchissez-le : il ne rapporte rien tant qu’il dort.	Launder it: it earns nothing while it sits.	PROPOSÉ	phrase
3	LA SUITE ④, ligne E (variante)	stash load_bucket = FULL	accueil.suite.la_planque_est_pleine	La planque est pleine	The safehouse is full	PROPOSÉ	titre ; même geste ; remplace les lignes 1-2
4	idem	idem	accueil.suite.blanchissez_sinon_la_caisse_des_dealers_ne_peut_plus_s_y_vider	Blanchissez : sinon, la caisse des dealers ne peut plus s’y vider.	Launder: otherwise the dealers’ cash has nowhere to go.	PROPOSÉ	phrase
5	idem	geste	accueil.suite.blanchir	Blanchir	Launder	PROPOSÉ	→ ㊵ la filière
6	LA SUITE ④, ligne F	aucun lieutenant d’archétype blanchiment ET un nœud de blanchiment existe (sinon le recrutement refuse : R11, 67)	accueil.suite.un_lieutenant_du_blanchiment	Un lieutenant du blanchiment	A laundering lieutenant	PROPOSÉ	titre ; « Blanchiment » = famille.archetype.blanchiment (servi)
7	idem	idem	accueil.suite.il_fait_passer_l_argent_par_la_filiere_a_votre_place_une_decision_de_structure	Il fait passer l’argent par la filière à votre place — une décision de structure.	They move the cash through the chain for you — one structural decision.	PROPOSÉ	phrase ; qualitatif ; « à votre place » (vouvoiement de la maison)
8	idem	geste	accueil.suite.recruter	Recruter	Recruit	PROPOSÉ	→ ⑳ la Famille, recrutement (POST /v1/lieutenants)
9	LA SUITE ④, ligne G	aucun lieutenant d’archétype distribution ET un dealer tient un coin de vente (sinon refus : R12, 67)	accueil.suite.un_lieutenant_de_la_distribution	Un lieutenant de la distribution	A distribution lieutenant	PROPOSÉ	titre
10	idem	idem	accueil.suite.il_ramasse_la_caisse_a_votre_place_une_decision_de_structure	Il ramasse la caisse à votre place — une décision de structure.	They collect the cash for you — one structural decision.	PROPOSÉ	phrase ; même geste « Recruter » (ligne 8)
11	① fiche et ㉟, à côté de BLANCHIR	stash load_bucket = FULL (la collecte partielle a laissé un reste chez le dealer)	vente.geste.planque_pleine_le_reste_attend_dans_la_caisse	Planque pleine : le reste attend dans la caisse.	Safehouse full: the rest waits in the cash box.	PROPOSÉ	une clé, lue par ① et ㉟
12	① fiche, à la place de COLLECTER estompé	stash load_bucket = FULL	building.geste.blanchir_d_abord	Blanchir d’abord	Launder first	PROPOSÉ	un GESTE qui aboutit (→ blanchir), jamais un bouton éteint
13	㊵ la filière	stash load_bucket = FULL	filiere.etat.a_blanchir_la_planque_est_pleine	À blanchir : la planque est pleine.	To launder: the safehouse is full.	PROPOSÉ	
14	mot de remplissage de la planque (①, ㉟, ㊵, ④)	load_bucket = EMPTY (StashLoadBucket, city-event-bus.ts:364)	planque.remplissage.empty	vide	empty	PROPOSÉ	décision : rien à blanchir ; ParValeur(« planque », « remplissage », valeur)
15	mot de remplissage de la planque (①, ㉟, ㊵, ④)	load_bucket = LOW (StashLoadBucket, city-event-bus.ts:364)	planque.remplissage.low	presque vide	nearly empty	PROPOSÉ	neutre ; ParValeur(« planque », « remplissage », valeur)
16	mot de remplissage de la planque (①, ㉟, ㊵, ④)	load_bucket = NOMINAL (StashLoadBucket, city-event-bus.ts:364)	planque.remplissage.nominal	à moitié pleine	half full	PROPOSÉ	neutre ; ParValeur(« planque », « remplissage », valeur)
17	mot de remplissage de la planque (①, ㉟, ㊵, ④)	load_bucket = HIGH (StashLoadBucket, city-event-bus.ts:364)	planque.remplissage.high	bien remplie	well filled	PROPOSÉ	neutre ; ParValeur(« planque », « remplissage », valeur)
18	mot de remplissage de la planque (①, ㉟, ㊵, ④)	load_bucket = FULL (StashLoadBucket, city-event-bus.ts:364)	planque.remplissage.full	pleine	full	PROPOSÉ	décision : blanchir (lignes 3-4, 11-13) ; ParValeur(« planque », « remplissage », valeur)
—	LA SUITE	—	—	—	—	NOTE	au plus 3 lignes (72) ; ordre proposé : A (labo) · B ou C (vente / caisse) · E (planque) · F · G · D (règles) — les trois premières vraies s’affichent
—	source	—	—	—	—	SOURCE	reco f1 décidée le 26/09 (via f2) ; StashLoadBucket (back bfd194bc) ; R11 / R12 (INVENTAIRE @ 1fdd84f0) ; ARBITRAGES D44, D46, D47
