réf.	quand	clé	fr	en	statut	note
⑩-1	marqueur de l’option ESCALATE	exception_detail.bloc.sans_suite	Sans suite	No follow-up	PROPOSÉ	l’escalade ARCHIVE la carte, définitivement, sans rien changer au monde (escalate.handler.ts, « no real mutation » ; resolve refuse tout non-pending, exceptions.service.ts:228-230) : ni risque ni aléa ⇒ « Risqué » était faux ; « Sans suite » dit : rien ne sera fait, et on n’y revient pas
⑩-2	la RÈGLE du marqueur	—	—	—	NOTE	le client pose « Risqué » par PLACE (« la première autre », ExceptionDetailController.cs:331-350), pas par effet : le marqueur doit venir de l’effet de l’option — ESCALATE → « Sans suite » ; « Risqué » (servi, exception_detail.bloc.risque) seulement pour une issue qui peut se retourner (BRIBE : bribe_failed « ÇA S’EST RETOURNÉ ») ; la place dans l’éventail (♠ ♦ ♣) peut rester, le MOT suit l’effet
㊵-1	tête de ㊵, planque trouvée ET load_bucket ≠ EMPTY, enseigne servie	filiere.etat.votre_planque_enseigne_tient_de_quoi_blanchir	Votre planque, {enseigne}, tient de quoi blanchir.	Your safehouse, {enseigne}, holds enough to launder.	PROPOSÉ	remplace « … est vide » (63) quand ce n’est pas vrai — un compte neuf a l’amorce (NOMINAL sur le VPS)
㊵-2	idem, SANS enseigne	filiere.etat.votre_planque_tient_de_quoi_blanchir	Votre planque tient de quoi blanchir.	Your safehouse holds enough to launder.	PROPOSÉ	
㊵-3	ligne sous le geste BLANCHIR	filiere.etat.l_argent_passe_de_la_planque_a_la_filiere	l’argent passe de la planque à la filière	the cash moves from the safehouse into the chain	PROPOSÉ	planque.remplissage.<valeur> (76) n’entre PAS dans la tête : il sert à la jauge ; en FULL, la tête devient « À blanchir : la planque est pleine. » (76, ligne 13)
⑨-DAWN	surtitre de l’état vide, day_phase = DAWN	exceptions.moment.dawn	Ce matin, au Verge d’Or	This morning, at the Verge d’Or	PROPOSÉ	ParValeur(« exceptions », « moment », day_phase) ; même phrase que revue.bloc.ce_matin_au_verge_d_or (servie) ; remplace le « Ce soir » fixe (ExceptionQueueController.cs:287, T18)
⑨-DAY	day_phase = DAY	exceptions.moment.day	Aujourd’hui, au Verge d’Or	Today, at the Verge d’Or	PROPOSÉ	« Plein jour » est le mot de la barre ; en tête de phrase, « aujourd’hui »
⑨-DUSK	day_phase = DUSK	exceptions.moment.dusk	Ce soir, au Verge d’Or	Tonight, at the Verge d’Or	PROPOSÉ	même phrase que exceptions.bloc.ce_soir_au_verge_d_or (servie)
⑨-NIGHT	day_phase = NIGHT	exceptions.moment.night	Cette nuit, au Verge d’Or	Late tonight, at the Verge d’Or	PROPOSÉ	
⑨-null	day_phase = null (session sans minute d’ouverture)	exceptions.moment.inconnu	Au Verge d’Or	At the Verge d’Or	PROPOSÉ	repli sans moment (D8 : « inconnu » par famille) ; valeurs couvertes : DAWN, DAY, DUSK, NIGHT (DayPhase, day-phase-quarter.ts:45) + null
㉕-1	le compte vues / disponibles	tutoriel.ecran.n_vues_n_disponibles	{vus, plural, one {# vue} other {# vues}} · {disponibles, plural, one {# disponible} other {# disponibles}}	{vus, plural, one {# seen} other {# seen}} · {disponibles, plural, one {# available} other {# available}}	PROPOSÉ	une clé, deux arguments ; mêmes branches fr/en (en_egal_fr règle 3) ; en fr, « one » couvre 0 : « 0 vue · 1 disponible » ; remplace « 0 vu(s) · 1 disponible(s) »
—	source	—	—	—	SOURCE	⑩ : relevé f1 §K.5 @ d5cd9dfc (via f2) ; escalate.handler.ts (back bfd194bc) ; ㊵ ⑨ ㉕ : demandes de CLIENT-2 (26/09) ; DayPhase day-phase-quarter.ts:45
