n°	clé (gardée)	fr d’avant	fr	en	statut	note
1	news_beat.digest.ambient_micro.headline	Petites histoires de {district}	Petites histoires de {district} : {subject}	Small stories from {district}: {subject}	PROPOSÉ (valeur changée, clé gardée)	
2	news_beat.digest.ambient_micro.brennar_daily_star.headline	Faits mineurs consignés à {district}	Fait mineur consigné à {district} : {subject}	Minor occurrence recorded in {district}: {subject}	PROPOSÉ (valeur changée, clé gardée)	
3	news_beat.digest.ambient_micro.free_weekly.headline	Pendant ce temps, à {district}	Pendant ce temps, à {district} : {subject}	Meanwhile, in {district}: {subject}	PROPOSÉ (valeur changée, clé gardée)	
4	news_beat.digest.ambient_micro.tilbey_weekly.headline	Petites nouvelles de {district}, qui restent des nouvelles	Petite nouvelle de {district}, qui reste une nouvelle : {subject}	Small news from {district}, still news: {subject}	PROPOSÉ (valeur changée, clé gardée)	
5	news_beat.digest.live_ops.headline	Un avis circule dans toute la ville	Un avis circule : {subject}	A notice circulates: {subject}	PROPOSÉ (valeur changée, clé gardée)	relu au rendu (26/09) : accord / redite corrigés
6	news_beat.digest.live_ops.brennar_daily_star.headline	Un avis de portée générale est en circulation	Avis de portée générale : {subject}	Notice of general application: {subject}	PROPOSÉ (valeur changée, clé gardée)	
7	news_beat.digest.live_ops.free_weekly.headline	Nouvel avis. Toute la ville. C’est noté	Nouvel avis : {subject}. C’est noté	New notice: {subject}. Noted	PROPOSÉ (valeur changée, clé gardée)	relu au rendu (26/09) : accord / redite corrigés
8	news_beat.digest.live_ops.tilbey_weekly.headline	Un avis pour toute la ville, et ce qu’il veut dire dans nos rues	Un avis : {subject}, et ce que ça veut dire dans nos rues	A notice: {subject}, and what it means on our streets	PROPOSÉ (valeur changée, clé gardée)	relu au rendu (26/09) : accord / redite corrigés
9	news_beat.digest.political.headline	Les affaires de l’hôtel de ville, en bref	Les affaires de l’hôtel de ville : {subject}	City Hall’s business — {subject}	PROPOSÉ (valeur changée, clé gardée)	relu au rendu (26/09) : EN sans double « : » (le sujet politique EN en porte déjà un)
10	news_beat.digest.political.brennar_daily_star.headline	Les délibérations se poursuivraient à l’hôtel de ville	À l’hôtel de ville, les délibérations se poursuivraient : {subject}	Deliberations understood to continue at City Hall — {subject}	PROPOSÉ (valeur changée, clé gardée)	relu au rendu (26/09) : EN sans double « : » (le sujet politique EN en porte déjà un)
11	news_beat.digest.political.free_weekly.headline	L’hôtel de ville a fait un truc	L’hôtel de ville a fait un truc : {subject}	City Hall did a thing — {subject}	PROPOSÉ (valeur changée, clé gardée)	relu au rendu (26/09) : EN sans double « : » (le sujet politique EN en porte déjà un)
12	news_beat.digest.political.tilbey_weekly.headline	L’hôtel de ville s’agite ; les quartiers en prennent note	L’hôtel de ville s’agite, les quartiers en prennent note : {subject}	City Hall stirs, the neighborhoods take note — {subject}	PROPOSÉ (valeur changée, clé gardée)	relu au rendu (26/09) : EN sans double « : » (le sujet politique EN en porte déjà un)
13	news_beat.digest.random_world.headline	Des troubles signalés à {district}	Troubles signalés à {district} : {subject}	Unrest reported in {district}: {subject}	PROPOSÉ (valeur changée, clé gardée)	
14	news_beat.digest.random_world.brennar_daily_star.headline	Trouble consigné à {district}	Trouble consigné à {district} : {subject}	Disturbance noted in {district}: {subject}	PROPOSÉ (valeur changée, clé gardée)	
15	news_beat.digest.random_world.free_weekly.headline	Toujours en cours, à {district}	Toujours en cours, à {district} : {subject}	Still going, in {district}: {subject}	PROPOSÉ (valeur changée, clé gardée)	
16	news_beat.digest.random_world.tilbey_weekly.headline	Les ennuis de {district} ne sont pas retombés, disent les voisins	À {district}, ça n’est pas retombé, disent les voisins : {subject}	In {district}, it hasn’t settled, neighbors say: {subject}	PROPOSÉ (valeur changée, clé gardée)	
17	news_beat.folded_page.headline	Ce que {outlet} n’a pas couvert à {district}	Ce que {outlet} n’a pas couvert à {district} : {subject}	What {outlet} left uncovered in {district}: {subject}	PROPOSÉ (valeur changée, clé gardée)	
18	news_beat.folded_page.brennar_daily_star.headline	La page pliée : {district} non mentionné dans le quotidien de référence	La page pliée : {subject}, à {district} — rien dans le quotidien de référence	The folded page: {subject} in {district} — nothing in the broadsheet	PROPOSÉ (valeur changée, clé gardée)	
19	news_beat.folded_page.free_weekly.headline	La page pliée : même le gratuit saute {district}	La page pliée : même le gratuit saute {subject}, à {district}	The folded page: even the free paper skips {subject} in {district}	PROPOSÉ (valeur changée, clé gardée)	
20	news_beat.folded_page.tilbey_weekly.headline	La page pliée : l’hebdo de {district} regarde ailleurs	La page pliée : l’hebdo de {district} passe sous silence {subject}	The folded page: {district}’s own weekly stays silent on {subject}	PROPOSÉ (valeur changée, clé gardée)	
21	news_beat.hindsight.follow_up.brennar_daily_star.headline	Nouvelles observations sur un dossier déjà examiné	Nouvelles observations sur un dossier déjà examiné : {subject}	Further notes on a matter previously examined: {subject}	PROPOSÉ (valeur changée, clé gardée)	
22	news_beat.hindsight.follow_up.free_weekly.headline	Encore des avertissements. Toujours personne pour les prendre	Encore des avertissements pour {subject}. Toujours personne pour les prendre	More warnings about {subject}. Still no takers	PROPOSÉ (valeur changée, clé gardée)	
23	news_beat.hindsight.follow_up.tilbey_weekly.headline	Encore de ce dont le quartier se souvient	Ce dont le quartier se souvient encore : {subject}	What the neighborhood still remembers: {subject}	PROPOSÉ (valeur changée, clé gardée)	
24	news_beat.hindsight.op_ed.brennar_daily_star.headline	Rétrospectivement : des indices auraient précédé le dossier	Rétrospectivement : des indices auraient précédé {subject}	In retrospect: indications said to have preceded {subject}	PROPOSÉ (valeur changée, clé gardée)	
25	news_beat.hindsight.op_ed.free_weekly.headline	Les avertissements étaient là. Et tout le monde qui les ignorait aussi	Les avertissements étaient là, avant {subject}. Et tout le monde les ignorait	The warnings were there before {subject}. And everybody ignored them	PROPOSÉ (valeur changée, clé gardée)	
26	news_beat.hindsight.op_ed.tilbey_weekly.headline	Tout le monde a remarqué quelque chose. Personne n’a été interrogé	Avant {subject}, tout le monde avait remarqué quelque chose. Personne n’a été interrogé	Before {subject}, everyone noticed something. Nobody was asked	PROPOSÉ (valeur changée, clé gardée)	
27	news_beat.three_outlet_storm.episodic.brennar_daily_star.headline	Un état des faits sur l’incident de {district}	Un état des faits à {district} : {subject}	An account of the facts in {district}: {subject}	PROPOSÉ (valeur changée, clé gardée)	
28	news_beat.three_outlet_storm.episodic.free_weekly.headline	Un de plus pour {district}	Un de plus pour {district} : {subject}	One more for {district}: {subject}	PROPOSÉ (valeur changée, clé gardée)	
29	news_beat.three_outlet_storm.episodic.tilbey_weekly.headline	Une porte à {district} : ce que l’incident a laissé	Une porte à {district} : ce que {subject} a laissé	One door in {district}: what {subject} left behind	PROPOSÉ (valeur changée, clé gardée)	
30	news_beat.three_outlet_storm.human_interest.brennar_daily_star.headline	Les habitants de {district} s’adaptent à des circonstances modifiées	Les habitants de {district} s’adaptent après {subject}	Residents of {district} adjust after {subject}	PROPOSÉ (valeur changée, clé gardée)	
31	news_beat.three_outlet_storm.human_interest.free_weekly.headline	À {district}, on se débrouille. Comme toujours	À {district}, on se débrouille, même après {subject}	People in {district} manage, even after {subject}	PROPOSÉ (valeur changée, clé gardée)	
32	news_beat.three_outlet_storm.human_interest.tilbey_weekly.headline	À {district}, la cafetière reste chaude	À {district}, après {subject}, la cafetière reste chaude	In {district}, after {subject}, the kettle stays on	PROPOSÉ (valeur changée, clé gardée)	
33	news_beat.three_outlet_storm.scandal.brennar_daily_star.headline	Des questions de responsabilité resteraient ouvertes à {district}	Des questions de responsabilité resteraient ouvertes : {subject}, à {district}	Questions of accountability said to remain open: {subject} in {district}	PROPOSÉ (valeur changée, clé gardée)	
34	news_beat.three_outlet_storm.scandal.free_weekly.headline	Qui a signé ? {district} a demandé. Personne, apparemment	Qui a signé pour {subject} ? {district} a demandé. Personne, apparemment	Who signed off on {subject}? {district} asked. Nobody, apparently	PROPOSÉ (valeur changée, clé gardée)	
35	news_beat.three_outlet_storm.scandal.tilbey_weekly.headline	Quelqu’un a signé — {district} aimerait lui parler	Quelqu’un a signé pour {subject} — {district} aimerait lui parler	Somebody signed off on {subject} — {district} would like a word	PROPOSÉ (valeur changée, clé gardée)	
36	news_beat.three_outlet_storm.thematic.brennar_daily_star.headline	L’incident de {district} s’accorderait à des tendances plus larges	Des tendances plus larges derrière {subject}, à {district}	Wider trends said to lie behind {subject} in {district}	PROPOSÉ (valeur changée, clé gardée)	
37	news_beat.three_outlet_storm.thematic.free_weekly.headline	{district} aujourd’hui. Ailleurs demain	{district} aujourd’hui, ailleurs demain : {subject}	{district} today, somewhere else tomorrow: {subject}	PROPOSÉ (valeur changée, clé gardée)	
38	news_beat.three_outlet_storm.thematic.tilbey_weekly.headline	{district} n’est pas le seul — demandez au quartier d’à côté	Après {subject}, {district} n’est pas un cas isolé — demandez au quartier d’à côté	After {subject}, {district} is not the only one — ask one neighborhood over	PROPOSÉ (valeur changée, clé gardée)	relu au rendu (26/09) : accord / redite corrigés
—	classe mesurée	—	—	—	NOTE	73 titres news_beat ; 63 sans {subject}. Seuls les générateurs digest / hindsight / wire_day / three_outlet_storm / folded_page lient params.subject (news.projection.service.ts:160-168, back 1ffb08b4) : 38 titres de cette classe réécrits ici. Les 25 autres (cooper_affair 13, sourceless_beat 4, slow_page 8) ne reçoivent PAS de sujet : y écrire {subject} laisserait un trou — non touchés
—	lecture de {subject}	—	—	—	NOTE	{subject} vient d’une autre table (ambient.micro_event.*, random_world.template.*, live_ops.event.*, political.event.*) : fr = groupe nominal en minuscule avec article (« une rumeur de comptoir », « la campagne électorale ») ; en = forme variable (« a rumor in a bar » / « The Absconding »). Règles tenues : jamais en tête de phrase ; en EN, après « : » ou en milieu de phrase ; jamais « de {subject} » (« de le coup de filet ») ; aucun adjectif accordé au sujet ; {district} et {outlet} gardés partout où ils étaient
—	source	—	—	—	SOURCE	relevé f1 §K.7 @ 91f91b15 (via f2, 26/09) ; bundle et code du back 1ffb08b4
