n°	clé (gardée)	fr d’avant	en d’avant	fr	en	statut	note
1	news_beat.cooper_affair.accident.body	Pour {outlet}, {subject} à {district} relève de la défaillance malheureuse, sans intention.	{outlet} treats {subject} in {district} as an unfortunate, unintended failure.	Pour {outlet}, l’affaire de {district} relève de la défaillance malheureuse, sans intention.	{outlet} treats the matter in {district} as an unfortunate, unintended failure.	PROPOSÉ (valeur changée, clé gardée)	
2	news_beat.cooper_affair.accident.headline	Ce qui a mal tourné : {subject} à {district}	What went wrong: {subject} in {district}	Ce qui a mal tourné à {district}	What went wrong in {district}	PROPOSÉ (valeur changée, clé gardée)	
3	news_beat.cooper_affair.corruption.body	Pour {outlet}, {subject} à {district} est une affaire de qui en a profité, et comment.	{outlet} frames {subject} in {district} as a matter of who benefited, and how.	Pour {outlet}, l’affaire de {district} est une question de qui en a profité, et comment.	{outlet} frames the matter in {district} as a question of who benefited, and how.	PROPOSÉ (valeur changée, clé gardée)	
4	news_beat.cooper_affair.corruption.headline	Des questions d’influence suivent {subject} à {district}	Questions of influence follow {subject} in {district}	Des questions d’influence suivent l’affaire de {district}	Questions of influence follow the matter in {district}	PROPOSÉ (valeur changée, clé gardée)	
5	news_beat.cooper_affair.neighborhood_failure.body	Pour {outlet}, {subject} s’inscrit dans un abandon plus ancien à {district}.	{outlet} places {subject} inside a longer pattern of neglect in {district}.	Pour {outlet}, l’affaire s’inscrit dans un abandon plus ancien à {district}.	{outlet} places the matter inside a longer pattern of neglect in {district}.	PROPOSÉ (valeur changée, clé gardée)	
6	news_beat.cooper_affair.organized_crime.body	Pour {outlet}, {subject} à {district} porte la marque d’une opération organisée.	{outlet} reads {subject} in {district} as the mark of an organized operation.	Pour {outlet}, l’affaire de {district} porte la marque d’une opération organisée.	{outlet} reads the matter in {district} as the mark of an organized operation.	PROPOSÉ (valeur changée, clé gardée)	
7	news_beat.cooper_affair.organized_crime.headline	Une main connue derrière {subject} à {district}	A familiar hand behind {subject} in {district}	Une main connue derrière l’affaire de {district}	A familiar hand behind the matter in {district}	PROPOSÉ (valeur changée, clé gardée)	
—	classe	—	—	—	—	NOTE	cooper_affair lie params = {district, outlet, frame} (news-beat-generator.service.ts:619, back 1ffb08b4) — PAS {subject} : les 7 valeurs `default` (14 textes fr + en) le portaient, inatteignables aujourd’hui mais affichées « {subject} » en clair par un 4ᵉ journal. Réécrites avec {district} et {outlet} seulement ; {frame} n’est PAS employé : c’est l’identifiant brut du cadrage (frameId), pas un mot traduit. « l’affaire » / « the matter » tient la place du sujet. Contrôle : placeholders ⊆ {district, outlet, frame}, mêmes en fr et en
—	source	—	—	—	—	SOURCE	signalement du back (via f2, 26/09) ; bundle 1ffb08b4
