n°	quand	clé	littéral du client (2302ebf4)	fr	en	statut	note
1	refus	district.fiche.blanchiment_indisponible_raison	Blanchiment indisponible : {raison}	Blanchiment refusé. {raison}	Laundering refused. {raison}	PROPOSÉ (clé neuve)	DistrictInteriorScreenController.cs:2790 ; {raison} vient de deux sources de forme différente : RefusServi.Phrase (phrase servie, avec majuscule et point : « Votre décision de structure d’aujourd’hui est prise. Reprenez demain. ») ou une raison du client (minuscule, sans point). Avec « : », la phrase servie donnerait « indisponible : Votre… ». D’où le gabarit en phrase, et les raisons du client réécrites en phrases (lignes 6 à 8). Pas de « : » ici
2	sœur	district.fiche.blanchiment_indisponible_session_absente	Blanchiment indisponible : session absente.	Blanchiment impossible : la connexion au jeu est perdue.	Can’t launder: the connection to the game is lost.	PROPOSÉ (clé neuve)	DistrictInteriorScreenController.cs:2644 ; « session » veut dire le jour (D18) : ne pas l’employer pour la connexion ; épicène (pas « vous n’êtes pas connecté », D13)
3	sœur	district.fiche.blanchiment_indisponible_aucune_planque	Blanchiment indisponible : aucune planque.	Blanchiment impossible : vous n’avez aucune planque.	Can’t launder: you have no safehouse.	PROPOSÉ (clé neuve)	DistrictInteriorScreenController.cs:2765
4	réussite	district.fiche.petit_lot_confie_a_la_filiere	Petit lot confié à la filière.	Un petit lot est confié à la filière.	A small batch goes into the pipeline.	PROPOSÉ (clé neuve)	DistrictInteriorScreenController.cs:2784 ; sans montant (R2.2) ; « filière » = « pipeline » servi (filiere.bloc.la_filiere)
5	attente	district.fiche.recherche_de_la_planque	Recherche de la planque…	On cherche la planque…	Looking for the safehouse…	PROPOSÉ (clé neuve)	DistrictInteriorScreenController.cs:2758 (littéral de la même famille, non listé dans la commande)
6	raison client	district.fiche.reponse_absente	réponse absente	Aucune réponse n’est arrivée.	No answer came back.	PROPOSÉ (clé neuve)	DistrictInteriorScreenController.cs:2789 (clé dérivée par CLIENT-2) ; en phrase, pour le gabarit de la ligne 1
7	raison client	blanchiment.raison.reponse_vide	la réponse ne contient aucun nœud	La réponse est arrivée vide.	The answer came back empty.	PROPOSÉ (clé neuve)	CityProjectionsClient.cs:185 ; addendum : clé passée de district.fiche.* à blanchiment.raison.* (partagée avec ㊵ Filière, qui l’affiche seule ; jamais servie, donc rien n’est renommé) ; « nœud » est du vocabulaire de code, pas du joueur
8	raison client	blanchiment.raison.reponse_illisible	la réponse du service est illisible	La réponse est illisible.	The answer couldn’t be read.	PROPOSÉ (clé neuve)	CityProjectionsClient.cs:190 ; idem
9	raison HTTP 401	blanchiment.raison.connexion_expiree	la session a expiré	La connexion a expiré.	The connection has expired.	PROPOSÉ (clé neuve)	CityProjectionsClient.cs:201 ; addendum (relevé CLIENT-2) : phrase fixe par code HTTP, partagée avec ㊵ Filière (o.Message seul) ; en phrase, avec majuscule et point, pour le gabarit de la ligne 1 comme pour ㊵ seule ; « session » écarté (D18)
10	raison HTTP 409	blanchiment.raison.fonds_ou_place	les fonds ou la capacité sont insuffisants	Il manque de l’argent ou de la place.	Not enough money or room.	PROPOSÉ (clé neuve)	CityProjectionsClient.cs:202 ; addendum (relevé CLIENT-2) : phrase fixe par code HTTP, partagée avec ㊵ Filière (o.Message seul) ; en phrase, avec majuscule et point, pour le gabarit de la ligne 1 comme pour ㊵ seule ; ne sert qu’à défaut de phrase servie (RefusServi passe avant) ; sans montant (R2.2)
11	raison HTTP 422	blanchiment.raison.lot_refuse	le lot n'est pas accepté	Ce lot n’est pas accepté.	This batch isn’t accepted.	PROPOSÉ (clé neuve)	CityProjectionsClient.cs:203 ; addendum (relevé CLIENT-2) : phrase fixe par code HTTP, partagée avec ㊵ Filière (o.Message seul) ; en phrase, avec majuscule et point, pour le gabarit de la ligne 1 comme pour ㊵ seule
12	raison HTTP autre	blanchiment.raison.indisponible	le service est indisponible	La filière ne répond pas pour l’instant.	The pipeline isn’t answering right now.	PROPOSÉ (clé neuve)	CityProjectionsClient.cs:204 ; addendum (relevé CLIENT-2) : phrase fixe par code HTTP, partagée avec ㊵ Filière (o.Message seul) ; en phrase, avec majuscule et point, pour le gabarit de la ligne 1 comme pour ㊵ seule ; la voix de filiere.bloc.la_filiere_ne_repond_pas servi, pas « le service »
13	consigne	district.fiche.blanchiment_choisissez_un_commerce_de_facade	Blanchiment : choisissez un commerce de façade.	Pour blanchir, choisissez d’abord un commerce de façade.	To launder, first pick a front business.	PROPOSÉ (clé neuve)	addendum (relevé CLIENT-2) : DistrictInteriorScreenController.cs:2639 @ a8e5615e ; « commerce de façade » n’a aucun terme servi : repris du littéral
