n°	quand	clé	littéral du client (a8e5615e)	fr	en	statut	note
—	correspondance	—	La caisse a rejoint votre planque.	—	—	—	85 ↔ 75 : succès (DistrictInteriorScreenController.cs:2735 ; SellingScreenController.cs:317) → 75 n° 1 / 1b / 2 (« Ramassé : … » / « Tout est ramassé : … », collected_band et remaining_band servis). PAS de clé en 85 : ce serait un libellé orphelin dès le câblage de la 75
—	correspondance	—	la caisse est vide ou la planque est pleine / Cette caisse est vide ou la planque est pleine.	—	—	—	85 ↔ 75 : 409 (CityProjectionsClient.cs:144 ; SellingScreenController.cs:309) → 75 n° 3 (error.selling.safehouse_full) et n° 4 / 4b (error.selling.cash_empty), servis par le lot COLLECTE, lus par RefusServi AVANT le repli par code. Décision f2 (26/09) : pas de clé en 85. Reste ouvert : un 409 SANS code spécifique (back antérieur au lot) n’a pas de phrase en 75 — au câblage, CLIENT-2 le fait tomber sur la ligne 7 (« La collecte n’a pas abouti. »)
—	correspondance	—	réponse absente	—	—	—	85 ↔ 84 : réponse absente (DistrictInteriorScreenController.cs:2740) → district.fiche.reponse_absente (84 n° 6), même sens, même écran : réutilisée, pas de clé neuve
1	gabarit ①	district.fiche.collecte_indisponible_raison	Collecte indisponible : {raison}	Collecte refusée. {raison}	Collection refused. {raison}	PROPOSÉ (clé neuve)	DistrictInteriorScreenController.cs:2741 ; même forme que 84 n° 1 : {raison} est une PHRASE (RefusServi, 75 n° 3-4, ou les lignes 2 à 6)
2	raison 401	vente.raison.connexion_expiree	la session a expiré	La connexion a expiré.	The connection has expired.	PROPOSÉ (clé neuve)	CityProjectionsClient.cs:143 ; et DistrictInteriorScreenController.cs:2722 (« Collecte indisponible : la session a expiré. » → gabarit n° 1 + cette phrase) ; « session » écarté (D18)
3	raison 422	vente.raison.collecte_non_acceptee	la collecte n'est pas acceptée	Cette collecte n’est pas acceptée.	This collection isn’t accepted.	PROPOSÉ (clé neuve)	CityProjectionsClient.cs:145
4	raison autre	vente.raison.indisponible	le service est indisponible	Le point de vente ne répond pas pour l’instant.	The corner isn’t answering right now.	PROPOSÉ (clé neuve)	CityProjectionsClient.cs:146 ; pas « le service »
5	raison client	vente.raison.reponse_vide	la réponse ne contient aucune planque	La réponse est arrivée vide.	The answer came back empty.	PROPOSÉ (clé neuve)	CityProjectionsClient.cs:126 ; même phrase que blanchiment.raison.reponse_vide (84), domaine de la vente
6	raison client	vente.raison.reponse_illisible	la réponse du service est illisible	La réponse est illisible.	The answer couldn’t be read.	PROPOSÉ (clé neuve)	CityProjectionsClient.cs:131
7	repli ㉟	vente.refus.la_collecte_n_a_pas_abouti	La collecte n'a pas abouti.	La collecte n’a pas abouti.	The collection didn’t go through.	PROPOSÉ (clé neuve)	SellingScreenController.cs:309 (repli quand RefusServi ne rend rien et que le code n’est pas 409) ; valeur inchangée, apostrophe D10
8	sœur ① + ㉟	vente.refus.collecte_impossible_aucune_planque	Collecte indisponible : aucune planque. / Aucune planque n'est disponible pour cette collecte.	Collecte impossible : vous n’avez aucune planque.	Can’t collect: you have no safehouse.	PROPOSÉ (clé neuve)	DistrictInteriorScreenController.cs:2700 et SellingScreenController.cs:291 — même sens, une clé pour les deux écrans ; même forme que 84 n° 3
9	sœur ①	district.fiche.collecte_indisponible_session_absente	Collecte indisponible : session absente.	Collecte impossible : la connexion au jeu est perdue.	Can’t collect: the connection to the game is lost.	PROPOSÉ (clé neuve)	DistrictInteriorScreenController.cs:2630 ; même forme que 84 n° 2
10	sœur ①	district.fiche.collecte_choisissez_un_point_de_vente	Collecte : choisissez un point de vente.	Pour ramasser, choisissez d’abord un point de vente.	To collect, first pick a corner.	PROPOSÉ (clé neuve)	DistrictInteriorScreenController.cs:2625 ; « ramasser » = ㉟·109 ; même forme que 84 n° 13
11	sœur ①	district.fiche.rien_a_ramasser_personne_ne_tient_ce_point_de_vente	Rien à ramasser : personne ne tient ce point de vente.	Rien à ramasser : personne ne tient ce point de vente.	Nothing to collect: nobody’s working this corner.	PROPOSÉ (clé neuve)	DistrictInteriorScreenController.cs:2723 ; texte déjà écrit par l’atelier (01-classe-B :2396), gardé ; la clé manquait
12	attente ①	district.fiche.recherche_du_dealer_et_de_la_planque	Recherche du vendeur et de la planque…	On cherche le dealer et la planque…	Looking for the dealer and the safehouse…	PROPOSÉ (clé neuve)	DistrictInteriorScreenController.cs:2693 ; « dealer » comme la 75 ; même forme que 84 n° 5
